日期,开盘,收盘,最高,最低,成交量,成交额,振幅,涨跌幅,涨跌额,换手率
2010-01-08,3785.28,3624.9,3791.48,3572.0,152394721,199734677504.0,5.83,-3.79,-142.99,0.64
2010-01-15,3767.65,3558.95,3767.65,3489.76,195993542,243470999552.0,7.67,-1.82,-65.95,0.82
2010-01-22,3545.08,3491.74,3613.38,3394.26,173676549,213861584896.0,6.16,-1.89,-67.21,0.73
2010-01-29,3453.95,3287.84,3495.91,3267.25,112019753,132118704128.0,6.55,-5.84,-203.9,0.47
2010-02-05,3279.07,3245.86,3343.35,3192.89,104908817,123990370304.0,4.58,-1.28,-41.98,0.44
2010-02-12,3245.58,3345.29,3347.32,3215.23,66646831,77093297152.0,4.07,3.06,99.43,0.28
2010-02-26,3337.29,3373.76,3391.17,3240.67,95788587,112435834880.0,4.5,0.85,28.47,0.4
2010-03-05,3377.91,3363.19,3443.86,3348.09,99752611,119801473024.0,2.84,-0.31,-10.57,0.42
2010-03-12,3372.32,3358.11,3441.87,3357.26,89560815,106387937280.0,2.52,-0.15,-5.08,0.37
2010-03-19,3355.2,3401.93,3410.92,3281.75,76303391,92350962688.0,3.85,1.3,43.82,0.32
2010-03-26,3404.74,3399.09,3435.58,3334.57,91939531,108621312000.0,2.97,-0.08,-2.84,0.38
2010-04-02,3423.24,3535.11,3539.04,3418.39,127902415,162234251264.0,3.55,4.0,136.02,0.53
2010-04-09,3554.62,3485.57,3579.98,3444.08,84881264,110223566848.0,3.84,-1.4,-49.54,0.35
2010-04-16,3492.67,3435.7,3503.21,3412.05,116892669,148975429632.0,2.62,-1.43,-49.87,0.49
2010-04-23,3384.45,3185.83,3384.45,3162.26,142263173,174572355584.0,6.47,-7.27,-249.87,0.59
2010-04-30,3193.22,3124.9,3202.07,3058.63,103330155,124039290880.0,4.5,-1.91,-60.93,0.43
2010-05-07,3068.72,2864.57,3109.13,2841.42,83461848,99937095680.0,8.57,-8.33,-260.33,0.35
2010-05-14,2871.3,2939.36,2975.99,2811.66,102491363,115136118784.0,5.74,2.61,74.79,0.43
2010-05-21,2899.82,2846.68,2899.82,2734.35,89726920,97407645696.0,5.63,-3.15,-92.68,0.38
2010-05-28,2863.38,2890.08,2955.44,2818.21,95432311,102541080576.0,4.82,1.52,43.4,0.4
2010-06-04,2872.47,2765.2,2894.12,2738.44,78881080,79184457728.0,5.39,-4.32,-124.88,0.33
2010-06-11,2715.69,2754.41,2790.16,2657.53,87854059,90536500224.0,4.8,-0.39,-10.79,0.37
2010-06-18,2778.02,2726.2,2783.6,2717.18,29166486,29799440384.0,2.41,-1.02,-28.21,0.12
2010-06-25,2735.42,2784.83,2835.7,2724.69,75836853,76705817600.0,4.07,2.15,58.63,0.32
2010-07-02,2781.54,2621.15,2807.73,2556.28,77140712,71519496192.0,9.03,-5.88,-163.68,0.32
2010-07-09,2593.89,2725.66,2746.03,2563.5,84313585,78856091648.0,6.96,3.99,104.51,0.35
2010-07-16,2721.95,2686.43,2768.03,2649.37,92080844,94176297984.0,4.35,-1.44,-39.23,0.39
2010-07-23,2661.97,2854.66,2872.12,2655.11,129976147,130749902848.0,8.08,6.26,168.23,0.54
2010-07-30,2859.57,2916.61,2944.37,2826.76,125870334,126318630912.0,4.12,2.17,61.95,0.53
2010-08-06,2913.39,2908.96,2974.7,2835.47,125645979,132638050304.0,4.77,-0.26,-7.65,0.53
2010-08-13,2902.65,2831.75,2931.85,2781.44,107998793,112146554880.0,5.17,-2.65,-77.21,0.45
2010-08-20,2824.65,2887.05,2950.81,2816.29,136077483,143228008448.0,4.75,1.95,55.3,0.57
2010-08-27,2884.39,2818.61,2915.27,2797.09,95455384,92630662144.0,4.09,-2.37,-68.44,0.4
2010-09-03,2831.77,2825.74,2869.55,2800.73,123237564,129230508032.0,2.44,0.25,7.13,0.52
2010-09-10,2839.78,2797.58,2911.21,2767.3,146558023,150248701952.0,5.09,-1.0,-28.16,0.61
2010-09-17,2795.62,2693.96,2830.11,2681.08,113812451,113759351808.0,5.33,-3.7,-103.62,0.48
2010-09-21,2697.0,2696.24,2706.8,2669.23,25466224,25487411200.0,1.39,0.08,2.28,0.11
2010-09-30,2703.96,2731.04,2734.48,2664.87,70825463,70164864000.0,2.58,1.29,34.8,0.3
2010-10-08,2760.8,2835.6,2844.56,2752.78,37429694,42685513728.0,3.36,3.83,104.56,0.16
2010-10-15,2857.54,3192.69,3192.69,2857.54,321820558,370021281792.0,11.82,12.59,357.09,1.35
2010-10-22,3222.51,3204.79,3324.78,3170.59,308931634,373553115136.0,4.83,0.38,12.1,1.29
2010-10-29,3209.65,3178.57,3321.64,3161.25,226086035,281980706816.0,5.0,-0.82,-26.22,0.95
2010-11-05,3185.99,3290.81,3327.62,3185.99,243334841,295472377856.0,4.46,3.53,112.24,1.02
2010-11-12,3304.39,3054.63,3324.38,3051.07,253998481,305250725888.0,8.31,-7.18,-236.18,1.06
2010-11-19,3062.19,2935.26,3076.33,2850.75,171201251,197154494464.0,7.38,-3.91,-119.37,0.72
2010-11-26,2903.13,2918.35,2949.17,2814.24,145164341,166539069440.0,4.6,-0.58,-16.91,0.61
2010-12-03,2908.69,2893.75,2924.03,2807.12,106880705,126180861952.0,4.01,-0.84,-24.6,0.45
2010-12-10,2902.01,2892.87,2951.11,2844.17,110031555,125187405824.0,3.7,-0.03,-0.88,0.46
2010-12-17,2902.02,2940.21,2998.05,2896.9,134734252,151557103616.0,3.5,1.64,47.34,0.56
2010-12-24,2949.31,2915.12,2977.09,2853.64,119416798,139853076480.0,4.2,-0.85,-25.09,0.5
2010-12-31,2933.2,2862.94,2968.99,2787.48,113291235,131260966912.0,6.23,-1.79,-52.18,0.47
2011-01-07,2886.83,2915.31,2954.72,2863.36,116719795,159702351872.0,3.19,1.83,52.37,0.49
2011-01-14,2907.27,2874.87,2932.66,2855.18,116566102,140356933632.0,2.66,-1.39,-40.44,0.49
2011-01-21,2855.04,2795.7,2865.12,2742.55,111516655,124908527616.0,4.26,-2.75,-79.17,0.47
2011-01-28,2797.5,2840.96,2850.81,2763.23,113164492,124126003200.0,3.13,1.62,45.26,0.47
2011-02-01,2839.16,2868.09,2874.45,2833.49,39760480,46153789440.0,1.44,0.95,27.13,0.17
2011-02-11,2849.6,2893.9,2903.9,2817.2,69795442,86124210176.0,3.02,0.9,25.81,0.29
2011-02-18,2896.12,2982.05,3032.97,2896.12,196478533,243686029312.0,4.73,3.05,88.15,0.82
2011-02-25,2966.11,2946.82,3023.05,2899.52,146234733,178451025920.0,4.14,-1.18,-35.23,0.61
2011-03-04,2949.82,3063.13,3066.85,2930.39,184454112,231581679616.0,4.63,3.95,116.31,0.77
2011-03-11,3079.1,3027.82,3156.43,3020.07,181083608,255782137856.0,4.45,-1.15,-35.31,0.76
2011-03-18,3025.28,2995.22,3044.26,2939.13,144726925,188944947200.0,3.47,-1.08,-32.6,0.61
2011-03-25,3002.19,3091.8,3102.78,2972.71,127111868,166510125056.0,4.34,3.22,96.58,0.53
2011-04-01,3104.73,3117.1,3136.49,3040.64,159142229,199697618944.0,3.1,0.82,25.3,0.67
2011-04-08,3119.06,3204.93,3207.26,3119.06,113374292,146311090176.0,2.83,2.82,87.83,0.47
2011-04-15,3211.58,3229.45,3250.43,3154.81,213531554,237159215104.0,2.98,0.77,24.52,0.89
2011-04-22,3215.17,3151.17,3246.36,3136.53,149795994,170656806912.0,3.4,-2.42,-78.28,0.63
2011-04-29,3141.68,3089.14,3141.94,3041.61,133526928,152059072512.0,3.18,-1.97,-62.03,0.56
2011-05-06,3087.35,2985.35,3104.18,2966.59,103965880,109002952704.0,4.45,-3.36,-103.79,0.43
2011-05-13,2990.46,2987.03,3020.66,2940.86,93413882,100482999296.0,2.67,0.06,1.68,0.39
2011-05-20,2977.76,2989.89,3017.16,2935.46,87475988,100151939072.0,2.74,0.1,2.86,0.37
2011-05-27,2983.75,2866.66,2983.81,2858.43,84878102,93833074688.0,4.19,-4.12,-123.23,0.35
2011-06-03,2860.66,2855.84,2909.93,2809.04,86703244,96216376320.0,3.52,-0.38,-10.82,0.36
2011-06-10,2845.74,2813.76,2867.36,2783.91,58748441,65962545152.0,2.92,-1.47,-42.08,0.25
2011-06-17,2790.63,2755.47,2849.52,2754.04,78437248,86438886400.0,3.39,-2.07,-58.29,0.33
2011-06-24,2753.52,2898.58,2918.2,2736.0,101719352,120141680640.0,6.61,5.19,143.11,0.43
2011-07-01,2894.65,2890.03,2917.14,2846.28,118575295,136040880128.0,2.44,-0.29,-8.55,0.5
2011-07-08,2907.69,2928.54,2962.5,2904.09,142989399,154204948480.0,2.02,1.33,38.51,0.6
2011-07-15,2916.4,2920.44,2931.9,2864.59,117006068,128923811840.0,2.3,-0.28,-8.1,0.49
2011-07-22,2921.0,2847.95,2922.03,2837.42,97536824,104500320256.0,2.9,-2.48,-72.49,0.41
2011-07-29,2831.68,2760.41,2831.68,2725.73,109536486,108064165888.0,3.72,-3.07,-87.54,0.46
2011-08-05,2755.64,2672.9,2775.46,2661.68,81879533,82214734848.0,4.12,-3.17,-87.51,0.34
2011-08-12,2646.91,2641.47,2667.25,2498.65,133309318,122455480320.0,6.31,-1.18,-31.43,0.56
2011-08-19,2648.32,2585.84,2711.0,2565.64,94006170,90841286656.0,5.5,-2.11,-55.63,0.39
2011-08-26,2587.13,2696.27,2705.36,2555.87,99168404,92248813568.0,5.78,4.27,110.43,0.41
2011-09-02,2668.03,2611.04,2685.83,2597.98,81817583,77647375360.0,3.26,-3.16,-85.23,0.34
2011-09-09,2587.98,2576.78,2616.08,2529.71,68362044,64674642944.0,3.31,-1.31,-34.26,0.29
2011-09-16,2540.86,2566.74,2588.1,2520.8,55205708,50504911872.0,2.61,-0.39,-10.04,0.23
2011-09-23,2547.83,2513.97,2611.08,2476.59,92111852,84668779520.0,5.24,-2.06,-52.77,0.39
2011-09-30,2492.73,2441.25,2520.94,2434.18,83317093,79802979328.0,3.45,-2.89,-72.72,0.35
2011-10-14,2446.52,2528.65,2538.06,2401.09,111510549,100779575296.0,5.61,3.58,87.4,0.47
2011-10-21,2532.0,2426.84,2563.06,2403.84,81525451,74171378688.0,6.3,-4.03,-101.81,0.34
2011-10-28,2436.69,2615.49,2643.96,2429.45,141075686,126961254400.0,8.84,7.77,188.65,0.59
2011-11-04,2608.97,2649.0,2668.31,2558.95,138450954,128523520000.0,4.18,1.28,33.51,0.58
2011-11-11,2635.39,2575.7,2647.48,2567.12,98435926,89651846144.0,3.03,-2.77,-73.3,0.41
2011-11-18,2598.42,2486.24,2631.91,2480.45,93562154,88210192384.0,5.88,-3.47,-89.46,0.39
2011-11-25,2489.77,2439.03,2493.05,2431.26,63437585,57010232320.0,2.49,-1.9,-47.21,0.27
2011-12-02,2447.88,2448.82,2511.29,2387.3,92520704,81758786560.0,5.08,0.4,9.79,0.39
2011-12-09,2453.82,2433.74,2465.9,2419.33,64559352,55488340992.0,1.9,-0.62,-15.08,0.27
2011-12-16,2428.88,2355.13,2432.02,2301.64,72335258,59317384192.0,5.36,-3.23,-78.61,0.3
2011-12-23,2335.68,2343.64,2384.15,2290.43,81296873,64019768320.0,3.98,-0.49,-11.49,0.34
2011-12-30,2330.09,2347.69,2353.77,2278.41,71481273,54666727424.0,3.22,0.17,4.05,0.3
2012-01-06,2362.46,2332.75,2369.51,2307.11,59703476,45455955968.0,2.66,-0.64,-14.94,0.25
2012-01-13,2333.21,2424.61,2480.9,2318.66,134446832,111128431616.0,6.95,3.94,91.86,0.56
2012-01-20,2412.78,2554.84,2559.84,2385.62,126331587,107956428800.0,7.19,5.37,130.23,0.53
2012-02-03,2556.17,2546.0,2556.31,2458.83,102064097,88906680064.0,3.82,-0.35,-8.84,0.43
2012-02-10,2549.64,2550.9,2579.84,2474.55,122069420,103613545472.0,4.14,0.19,4.9,0.51
2012-02-17,2520.03,2533.4,2557.95,2506.22,106293757,92443440896.0,2.03,-0.69,-17.5,0.44
2012-02-24,2568.61,2630.43,2630.43,2523.54,150313479,130454852352.0,4.22,3.83,97.03,0.63
2012-03-02,2640.69,2662.04,2666.31,2604.88,163998055,139705238784.0,2.34,1.2,31.61,0.69
2012-03-09,2668.27,2618.89,2675.39,2573.48,137945098,128482109184.0,3.83,-1.62,-43.15,0.58
2012-03-16,2614.93,2555.57,2641.34,2522.29,152921860,136715699712.0,4.55,-2.42,-63.32,0.64
2012-03-23,2549.03,2496.66,2549.84,2489.68,104560627,90145211392.0,2.35,-2.31,-58.91,0.44
2012-03-30,2496.25,2447.88,2512.35,2408.52,86283143,73269440000.0,4.16,-1.95,-48.78,0.36
2012-04-06,2440.75,2484.99,2488.06,2430.79,45867277,39197459712.0,2.34,1.52,37.11,0.19
2012-04-13,2474.96,2541.96,2552.56,2438.32,99288792,88534212608.0,4.6,2.29,56.97,0.42
2012-04-20,2527.09,2596.08,2596.65,2502.53,108268387,97847910912.0,3.7,2.13,54.12,0.45
2012-04-27,2591.93,2608.17,2630.54,2557.86,135480704,123008314112.0,2.8,0.47,12.09,0.57
2012-05-04,2640.38,2671.82,2675.1,2628.73,93909540,89068289024.0,1.78,2.44,63.65,0.39
2012-05-11,2654.03,2585.5,2665.64,2584.49,122489923,115851757568.0,3.04,-3.23,-86.32,0.51
2012-05-18,2601.91,2529.5,2604.41,2522.74,105061723,95185528320.0,3.16,-2.17,-56.0,0.44
2012-05-25,2527.42,2534.4,2584.58,2521.02,93566392,83693142272.0,2.51,0.19,4.9,0.39
2012-06-01,2526.24,2570.55,2611.88,2517.14,119748834,108885274112.0,3.74,1.43,36.15,0.5
2012-06-08,2540.7,2465.04,2542.72,2460.42,96803438,87465586432.0,3.2,-4.1,-105.51,0.4
2012-06-15,2468.87,2510.05,2516.4,2463.83,103461537,90751896832.0,2.13,1.83,45.01,0.43
2012-06-21,2521.39,2469.13,2529.0,2458.43,61048347,52679283712.0,2.81,-1.63,-40.92,0.26
2012-06-29,2458.09,2432.56,2458.6,2393.47,78704912,66839392768.0,2.64,-1.48,-36.57,0.33
2012-07-06,2441.92,2433.3,2452.29,2392.12,90575336,80786341632.0,2.47,0.03,0.74,0.38
2012-07-13,2417.52,2399.59,2429.01,2348.51,102496561,87623085056.0,3.31,-1.39,-33.71,0.43
2012-07-20,2403.09,2370.02,2411.24,2349.44,92422881,79292668928.0,2.58,-1.23,-29.57,0.39
2012-07-27,2353.2,2322.9,2353.2,2306.65,69393554,57819310080.0,1.96,-1.99,-47.12,0.29
2012-08-03,2326.71,2338.6,2363.9,2318.47,77723055,62794564864.0,1.96,0.68,15.7,0.33
2012-08-10,2335.17,2360.93,2375.35,2331.28,75543565,63232498176.0,1.88,0.95,22.33,0.32
2012-08-17,2355.88,2291.6,2355.88,2276.5,70396217,60183939072.0,3.36,-2.94,-69.33,0.29
2012-08-24,2273.97,2240.47,2286.19,2238.37,71636602,57425495808.0,2.09,-2.23,-51.13,0.3
2012-08-31,2236.53,2212.24,2236.53,2192.48,75042099,55585000960.0,1.97,-1.26,-28.23,0.31
2012-09-07,2206.58,2291.57,2317.35,2174.58,110991538,83266595584.0,6.45,3.59,79.33,0.46
2012-09-14,2291.28,2271.81,2300.02,2253.79,105080970,83587182848.0,2.02,-0.86,-19.76,0.44
2012-09-21,2267.34,2165.94,2269.61,2154.24,80714924,60671390976.0,5.08,-4.66,-105.87,0.34
2012-09-28,2154.61,2257.11,2261.35,2142.39,88509625,69043107584.0,5.49,4.21,91.17,0.37
2012-10-12,2255.88,2268.96,2290.8,2223.4,85217343,65356636672.0,2.99,0.53,11.85,0.36
2012-10-19,2272.57,2299.3,2306.86,2246.4,76407498,60332888832.0,2.66,1.34,30.34,0.32
2012-10-26,2288.62,2235.78,2317.05,2223.6,81286265,58844408320.0,4.06,-2.76,-63.52,0.34
2012-11-02,2230.08,2294.62,2297.79,2213.4,88438666,67328249088.0,3.77,2.63,58.84,0.37
2012-11-09,2293.1,2244.74,2309.49,2238.7,82259769,58092628992.0,3.09,-2.17,-49.88,0.34
2012-11-16,2246.55,2193.16,2262.13,2179.6,71984230,49452931840.0,3.68,-2.3,-51.58,0.3
2012-11-23,2191.09,2222.38,2230.46,2172.18,60247914,45146791168.0,2.66,1.33,29.22,0.25
2012-11-30,2216.04,2211.93,2220.91,2181.62,73645161,50274003712.0,1.77,-0.47,-10.45,0.31
2012-12-07,2209.61,2346.54,2349.57,2197.26,154551373,114289914368.0,6.89,6.09,134.61,0.65
2012-12-14,2357.56,2478.69,2479.42,2345.34,173581158,129823947264.0,5.71,5.63,132.15,0.73
2012-12-21,2486.66,2481.25,2526.3,2461.3,188015043,150735537408.0,2.62,0.1,2.56,0.79
2012-12-28,2476.88,2598.02,2601.36,2476.69,165384420,138821233920.0,5.02,4.71,116.77,0.69
2013-01-04,2602.98,2672.94,2709.07,2602.98,95085495,79415953152.0,4.08,2.88,74.92,0.4
2013-01-11,2667.35,2604.05,2706.55,2593.0,176900682,148569612544.0,4.25,-2.58,-68.89,0.74
2013-01-18,2596.52,2710.34,2725.59,2596.23,200666588,168817459456.0,4.97,4.08,106.29,0.84
2013-01-25,2727.28,2728.34,2829.33,2701.16,240036186,203209404928.0,4.73,0.66,18.0,1.0
2013-02-01,2736.44,2948.02,2949.63,2736.44,271457221,241805264384.0,7.81,8.05,219.68,1.14
2013-02-08,2959.8,2934.4,2990.85,2891.01,282395126,255601320192.0,3.39,-0.46,-13.62,1.18
2013-02-22,2951.24,2711.99,2956.29,2705.57,214204152,193225307136.0,8.54,-7.58,-222.41,0.9
2013-03-01,2724.34,2805.94,2832.02,2687.02,196426477,183682924032.0,5.35,3.46,93.95,0.82
2013-03-08,2738.79,2733.92,2787.79,2631.84,237920249,217502627584.0,5.56,-2.57,-72.02,1.0
2013-03-15,2726.35,2653.2,2737.57,2613.99,162870872,147443647744.0,4.52,-2.95,-80.72,0.68
2013-03-22,2636.53,2752.71,2763.01,2614.71,174725803,154683426816.0,5.59,3.75,99.51,0.73
2013-03-29,2766.34,2610.54,2780.51,2589.94,170508040,148412529152.0,6.92,-5.16,-142.17,0.71
2013-04-03,2598.68,2612.6,2641.8,2593.22,74086945,61856940800.0,1.86,0.08,2.06,0.31
2013-04-12,2563.08,2582.03,2631.26,2550.11,116041538,102163397120.0,3.11,-1.17,-30.57,0.49
2013-04-19,2576.19,2664.2,2673.72,2539.7,141259463,125591015936.0,5.19,3.18,82.17,0.59
2013-04-26,2653.16,2567.77,2669.85,2559.58,140333399,122353772544.0,4.14,-3.62,-96.43,0.59
2013-05-03,2556.15,2619.73,2654.37,2545.02,52809264,44623487744.0,4.26,2.02,51.96,0.22
2013-05-10,2628.99,2654.72,2685.55,2617.8,127001281,109431628544.0,2.59,1.34,34.99,0.53
2013-05-17,2656.32,2694.96,2702.86,2587.31,136072757,122510701312.0,4.35,1.52,40.24,0.57
2013-05-24,2700.45,2669.32,2742.56,2648.72,159557055,137961949440.0,3.48,-0.95,-25.64,0.67
2013-05-31,2664.24,2681.37,2742.08,2654.12,150111764,129547961856.0,3.3,0.45,12.05,0.63
2013-06-07,2679.94,2552.05,2696.38,2544.45,126143548,104559692544.0,5.67,-4.82,-129.32,0.53
2013-06-14,2514.39,2467.8,2514.39,2435.26,63403424,48858574336.0,3.1,-3.3,-84.25,0.27
2013-06-21,2475.08,2347.64,2480.01,2299.28,127274650,99978241024.0,7.32,-4.87,-120.16,0.53
2013-06-28,2336.4,2245.51,2336.4,2051.25,226871143,154476761344.0,12.15,-4.35,-102.13,0.95
2013-07-05,2229.36,2241.35,2258.57,2173.14,147120107,96421946112.0,3.8,-0.19,-4.16,0.62
2013-07-12,2210.87,2297.88,2384.59,2176.52,179110725,120338900224.0,9.28,2.52,56.53,0.75
2013-07-19,2309.89,2197.42,2350.52,2192.77,151194649,101917751040.0,6.87,-4.37,-100.46,0.63
2013-07-26,2171.89,2203.77,2266.95,2158.19,137895254,89682861824.0,4.95,0.29,6.35,0.58
2013-08-02,2184.21,2225.29,2259.07,2146.27,122383959,83237624320.0,5.12,0.98,21.52,0.51
2013-08-09,2227.21,2239.19,2279.68,2215.02,128871689,88705400064.0,2.91,0.62,13.9,0.54
2013-08-16,2250.09,2298.59,2434.72,2247.55,207592478,143577818624.0,8.36,2.65,59.4,0.87
2013-08-23,2279.4,2268.59,2353.79,2236.43,145969351,101725856768.0,5.11,-1.31,-30.0,0.61
2013-08-30,2272.53,2306.99,2323.24,2262.7,168130068,113191166464.0,2.67,1.69,38.4,0.7
2013-09-06,2317.13,2361.6,2367.18,2291.0,179492020,120095758848.0,3.3,2.37,54.61,0.75
2013-09-13,2384.16,2526.28,2590.14,2384.16,394200056,278688017920.0,8.72,6.97,164.68,1.65
2013-09-18,2539.53,2456.19,2543.49,2433.73,130546933,103871423488.0,4.34,-2.77,-70.09,0.55
2013-09-27,2465.15,2373.72,2484.17,2357.34,179026890,142017769216.0,5.16,-3.36,-82.47,0.75
2013-09-30,2385.86,2381.02,2394.62,2369.94,22819001,17599724288.0,1.04,0.31,7.3,0.1
2013-10-11,2375.98,2438.43,2441.8,2356.01,143354435,107391988736.0,3.6,2.41,57.41,0.6
2013-10-18,2442.64,2383.75,2449.74,2372.98,174653218,122057793280.0,3.15,-2.24,-54.68,0.73
2013-10-25,2389.32,2365.98,2439.04,2351.74,183741337,129732538368.0,3.66,-0.75,-17.77,0.77
2013-11-01,2375.8,2431.34,2442.09,2356.32,212710285,147510627328.0,3.63,2.76,65.36,0.89
2013-11-08,2444.72,2358.88,2452.81,2355.77,132703602,93368935936.0,3.99,-2.98,-72.46,0.55
2013-11-15,2358.29,2374.23,2399.53,2315.51,137025484,101393169408.0,3.56,0.65,15.35,0.57
2013-11-22,2389.72,2425.4,2468.86,2381.15,191534794,150753953024.0,3.69,2.16,51.17,0.8
2013-11-29,2412.52,2450.9,2477.44,2406.21,155564646,112705737984.0,2.94,1.05,25.5,0.65
2013-12-06,2440.51,2481.08,2518.02,2429.48,214934249,154225078016.0,3.61,1.23,30.18,0.9
2013-12-13,2489.8,2425.23,2499.03,2406.44,140821062,104851891200.0,3.73,-2.25,-55.85,0.59
2013-12-20,2427.19,2284.71,2431.73,2284.71,136522208,95338529536.0,6.06,-5.79,-140.52,0.57
2013-12-27,2294.66,2308.0,2323.02,2265.73,120718637,79095347200.0,2.51,1.02,23.29,0.5
2014-01-03,2318.72,2279.05,2344.23,2269.18,106298973,73014104320.0,3.25,-1.25,-28.95,0.44
2014-01-10,2276.34,2215.46,2276.34,2204.29,133779949,84117418752.0,3.16,-2.79,-63.59,0.56
2014-01-17,2218.45,2184.9,2229.71,2179.74,123007216,77109656832.0,2.26,-1.38,-30.56,0.51
2014-01-24,2179.87,2227.87,2247.14,2167.14,124539581,79499646208.0,3.66,1.97,42.97,0.52
2014-01-30,2216.65,2197.08,2224.78,2191.04,111453754,63622173952.0,1.51,-1.38,-30.79,0.47
2014-02-07,2182.78,2197.14,2197.49,2169.55,23687971,14001425920.0,1.27,0.0,0.06,0.1
2014-02-14,2204.79,2279.3,2299.4,2204.79,212496137,134048875264.0,4.31,3.74,82.16,0.89
2014-02-21,2292.06,2254.62,2326.99,2241.54,236358632,150646099712.0,3.75,-1.08,-24.68,0.99
2014-02-28,2235.1,2174.71,2235.1,2139.0,219788122,131344552960.0,4.26,-3.54,-79.91,0.92
2014-03-07,2166.01,2165.46,2191.26,2134.01,173299810,105554616064.0,2.63,-0.43,-9.25,0.72
2014-03-14,2149.49,2127.78,2162.24,2090.22,173903561,106599473920.0,3.33,-1.74,-37.68,0.73
2014-03-21,2137.51,2189.11,2194.65,2101.48,182322548,117169076224.0,4.38,2.88,61.33,0.76
2014-03-28,2195.44,2215.92,2233.06,2181.19,216799306,137933731072.0,2.37,1.22,26.81,0.91
2014-04-04,2219.85,2241.35,2265.79,2199.22,161792113,105280893440.0,3.0,1.15,25.43,0.68
2014-04-11,2237.9,2333.88,2360.57,2237.23,207043129,148358200576.0,5.5,4.13,92.53,0.87
2014-04-18,2330.14,2267.06,2337.8,2244.53,143360754,98888399104.0,4.0,-2.86,-66.82,0.6
2014-04-25,2252.29,2249.74,2282.29,2223.46,144305100,98467128064.0,2.59,-0.76,-17.32,0.6
2014-04-30,2250.05,2243.89,2257.65,2225.1,85382023,54556132096.0,1.45,-0.26,-5.85,0.36
2014-05-09,2237.75,2208.53,2243.73,2199.89,125683134,79592328448.0,1.95,-1.58,-35.36,0.53
2014-05-16,2223.28,2232.32,2254.38,2210.03,124909966,80067700224.0,2.01,1.08,23.79,0.52
2014-05-23,2226.03,2237.56,2247.91,2185.16,97413896,63263578368.0,2.81,0.23,5.24,0.41
2014-05-30,2249.11,2244.46,2265.39,2229.8,100739868,68071127040.0,1.59,0.31,6.9,0.42
2014-06-06,2245.49,2224.45,2258.76,2208.58,73443687,48263729920.0,2.24,-0.89,-20.01,0.31
2014-06-13,2216.39,2270.65,2279.61,2215.65,119502030,78216506624.0,2.88,2.08,46.2,0.5
2014-06-20,2269.87,2240.61,2295.07,2225.2,129304321,78223280384.0,3.08,-1.32,-30.04,0.54
2014-06-27,2239.57,2226.68,2247.77,2211.83,95314857,57211150848.0,1.6,-0.62,-13.93,0.4
2014-07-04,2228.48,2253.32,2255.9,2226.36,123888329,71676060416.0,1.33,1.2,26.64,0.52
2014-07-11,2253.75,2225.69,2261.5,2214.18,133696180,76845743872.0,2.1,-1.23,-27.63,0.56
2014-07-18,2225.99,2249.06,2261.06,2224.08,175699384,102075211520.0,1.66,1.05,23.37,0.73
2014-07-25,2248.26,2367.44,2368.56,2244.23,217655798,140556549888.0,5.53,5.26,118.38,0.91
2014-08-01,2378.79,2434.86,2480.01,2378.79,351408801,212355161344.0,4.28,2.85,67.42,1.47
2014-08-08,2442.45,2407.6,2485.32,2393.98,262309458,158379490304.0,3.75,-1.12,-27.26,1.1
2014-08-15,2413.62,2434.18,2446.12,2408.77,232613964,144933318400.0,1.55,1.1,26.58,0.97
2014-08-22,2438.16,2420.67,2452.85,2388.53,230837999,138205299456.0,2.64,-0.56,-13.51,0.97
2014-08-29,2420.77,2393.51,2421.75,2366.38,185756691,106559363840.0,2.29,-1.12,-27.16,0.78
2014-09-05,2395.32,2500.07,2501.51,2390.4,264148763,161920112896.0,4.64,4.45,106.56,1.1
2014-09-12,2501.5,2472.22,2506.59,2447.94,221268186,126305427200.0,2.35,-1.11,-27.85,0.93
2014-09-19,2462.53,2467.88,2484.88,2435.39,343574766,186153179904.0,2.0,-0.18,-4.34,1.44
2014-09-26,2459.88,2457.57,2485.29,2408.44,272139737,152702635264.0,3.11,-0.42,-10.31,1.14
2014-09-30,2459.31,2460.3,2467.99,2447.32,105667075,64128528640.0,0.84,0.11,2.73,0.44
2014-10-10,2472.55,2477.05,2494.83,2455.98,207588045,117494768640.0,1.58,0.68,16.75,0.87
2014-10-17,2467.37,2454.77,2493.51,2432.25,374482893,202583731456.0,2.47,-0.9,-22.28,1.57
2014-10-24,2462.43,2419.67,2465.65,2416.03,231478477,139601474560.0,2.02,-1.43,-35.1,0.97
2014-10-31,2408.32,2565.54,2575.15,2381.27,454470827,255714297088.0,8.01,6.03,145.87,1.9
2014-11-07,2574.42,2554.6,2597.45,2540.22,582164029,319104728320.0,2.23,-0.43,-10.94,2.43
2014-11-14,2591.41,2663.14,2697.41,2574.41,645654684,407133788672.0,4.81,4.25,108.54,2.7
2014-11-21,2706.65,2629.88,2707.54,2567.06,365204522,239167429888.0,5.27,-1.25,-33.26,1.53
2014-11-28,2648.62,2902.48,2903.57,2634.87,809104366,557674934272.0,10.22,10.37,272.6,3.38
2014-12-05,2930.64,3223.85,3328.33,2895.13,1330341762,983797932032.0,14.93,11.07,321.37,5.56
2014-12-12,3194.1,3243.81,3481.96,3094.82,1320274936,1010072563712.0,12.01,0.62,19.96,5.52
2014-12-19,3226.5,3530.72,3543.55,3164.4,1150326172,921671118848.0,11.69,8.84,286.91,4.81
2014-12-26,3563.64,3646.77,3710.53,3339.85,1331679235,1089019072512.0,10.5,3.29,116.05,5.57
2014-12-31,3719.08,3826.95,3835.71,3629.09,747005867,686628982784.0,5.67,4.94,180.18,3.12
2015-01-09,3882.64,3808.84,4027.72,3771.0,1214124016,1128028086272.0,6.71,-0.47,-18.11,5.08
2015-01-16,3787.21,3930.23,3972.46,3695.24,759331292,751726825472.0,7.28,3.19,121.39,3.18
2015-01-23,3653.97,3825.27,3890.17,3548.1,941049768,898635718656.0,8.7,-2.67,-104.96,3.94
2015-01-30,3823.56,3621.69,3843.12,3610.7,671230124,635145232384.0,6.08,-5.32,-203.58,2.81
2015-02-06,3525.65,3435.29,3664.81,3405.43,604863174,541291307008.0,7.16,-5.15,-186.4,2.53
2015-02-13,3425.76,3589.27,3634.12,3406.24,484508162,418744864768.0,6.63,4.48,153.98,2.03
2015-02-17,3587.8,3633.22,3649.62,3571.45,183954557,163832049664.0,2.18,1.22,43.95,0.77
2015-02-27,3637.75,3679.62,3701.28,3555.35,371539133,324381118464.0,4.02,1.28,46.4,1.55
2015-03-06,3704.28,3525.1,3707.53,3486.96,617639865,555185946624.0,5.99,-4.2,-154.52,2.58
2015-03-13,3510.7,3737.57,3790.96,3472.13,736802372,685957447680.0,9.04,6.03,212.47,3.08
2015-03-20,3761.98,3994.07,4028.64,3730.02,1159466914,1058164862976.0,7.99,6.86,256.5,4.85
2015-03-27,4028.68,4036.49,4084.61,3934.32,1163502423,1099857068032.0,3.76,1.06,42.42,4.87
2015-04-03,4077.31,4190.04,4291.73,4073.2,1119480791,1118011101184.0,5.41,3.8,153.55,4.68
2015-04-10,4240.1,4432.03,4438.23,4231.0,1038909786,1089137041408.0,4.95,5.78,241.99,4.34
2015-04-17,4508.83,4868.71,4914.79,4494.14,1573146035,1625699426304.0,9.49,9.85,436.68,6.58
2015-04-24,4911.99,4844.12,4965.69,4715.73,1718318001,1921286782976.0,5.13,-0.51,-24.59,7.19
2015-04-30,4898.9,4978.72,5119.16,4898.9,1305461183,1537762418688.0,4.55,2.78,134.6,5.46
2015-05-08,4988.88,4700.37,5030.59,4584.8,1213054927,1419971358720.0,8.95,-5.59,-278.35,5.07
2015-05-15,4710.46,4671.51,4856.11,4645.94,1059004788,1196741021696.0,4.47,-0.61,-28.86,4.43
2015-05-22,4631.91,4956.14,4956.84,4585.58,974090877,1108117217280.0,7.95,6.09,284.63,4.07
2015-05-29,4979.42,4803.56,5181.06,4661.22,1512727308,1687072489472.0,10.49,-3.08,-152.58,6.33
2015-06-05,4816.28,5216.65,5259.76,4784.5,1500732214,1673587417088.0,9.89,8.6,413.09,6.28
2015-06-12,5266.79,5300.37,5469.14,5222.97,1675203794,2001140740096.0,4.72,1.6,83.72,7.01
2015-06-19,5314.43,4643.29,5324.52,4638.27,1190212259,1377520295936.0,12.95,-12.4,-657.08,4.98
2015-06-26,4648.43,4477.73,4996.62,4375.81,1000629156,1119831449600.0,13.37,-3.57,-165.56,4.18
2015-07-03,4601.46,4159.07,4751.61,4077.29,1370411244,1452712034304.0,15.06,-7.12,-318.66,5.73
2015-07-10,4507.8,4602.5,4742.88,3970.21,1995479262,2016697860096.0,18.58,10.66,443.43,8.35
2015-07-17,4561.87,4477.96,4716.34,4290.22,1159112509,1150139760640.0,9.26,-2.71,-124.54,4.85
2015-07-24,4470.85,4429.84,4533.76,4363.32,871698388,891278508032.0,3.81,-1.07,-48.12,3.65
2015-07-31,4363.47,4034.82,4390.24,3925.14,755668369,723613134848.0,10.5,-8.92,-395.02,3.16
2015-08-07,4000.66,4127.26,4190.91,3986.2,484337938,466354121984.0,5.07,2.29,92.44,2.03
2015-08-14,4161.48,4219.01,4302.15,4146.87,702602072,677226991616.0,3.76,2.22,91.75,2.94
2015-08-21,4199.23,3764.72,4223.26,3755.29,617234773,566262697984.0,11.09,-10.77,-454.29,2.58
2015-08-28,3647.67,3593.9,3651.99,3168.71,750700118,604040527872.0,12.84,-4.54,-170.82,3.14
2015-09-02,3549.4,3753.24,3771.31,3460.05,553604549,447692967936.0,8.66,4.43,159.34,2.32
2015-09-11,3707.69,3648.9,3751.35,3499.19,392280925,327314655232.0,6.72,-2.78,-104.34,1.64
2015-09-18,3666.59,3604.29,3734.1,3534.95,349035523,290524271616.0,5.46,-1.22,-44.61,1.46
2015-09-25,3578.38,3564.27,3688.57,3519.41,252600260,213929065472.0,4.69,-1.11,-40.02,1.06
2015-09-30,3547.53,3505.5,3553.03,3462.13,96993567,81049172480.0,2.55,-1.65,-58.77,0.41
2015-10-09,3629.99,3619.54,3634.25,3577.19,102477514,90758911232.0,1.63,3.25,114.04,0.43
2015-10-16,3627.81,3762.89,3770.48,3623.02,346673931,285545776384.0,4.07,3.96,143.35,1.45
2015-10-23,3771.22,3795.18,3838.53,3684.85,442522729,366371350272.0,4.08,0.86,32.29,1.85
2015-10-30,3831.58,3744.6,3843.06,3720.69,284100969,253094441472.0,3.22,-1.33,-50.58,1.19
2015-11-06,3714.12,3983.5,4021.39,3678.04,467151546,439881593088.0,9.17,6.38,238.9,1.95
2015-11-13,3991.81,3914.59,4134.66,3910.78,487768064,448221685504.0,5.62,-1.73,-68.91,2.04
2015-11-20,3858.73,3954.06,4006.94,3854.63,340754020,318623586816.0,3.89,1.01,39.47,1.43
2015-11-27,3952.47,3744.41,3977.94,3720.25,301826567,282563215616.0,6.52,-5.3,-209.65,1.26
2015-12-04,3747.14,3938.29,4058.14,3686.24,435143825,420812036864.0,9.93,5.18,193.88,1.82
2015-12-11,3938.83,3852.5,3948.89,3821.28,250965898,251982252544.0,3.24,-2.18,-85.79,1.05
2015-12-18,3816.36,4013.68,4085.37,3812.58,328266774,359877205760.0,7.08,4.18,161.18,1.37
2015-12-25,4000.47,4122.23,4223.44,3997.3,391422907,446319159808.0,5.63,2.7,108.55,1.64
2015-12-31,4130.93,4017.03,4137.23,3987.94,195221555,215675313920.0,3.62,-2.55,-105.2,0.82
2016-01-08,4005.96,3715.81,4008.12,3611.11,276823196,255274233088.0,9.88,-7.5,-301.22,1.16
2016-01-15,3658.33,3482.83,3691.1,3452.95,297958361,255373248512.0,6.41,-6.27,-232.98,1.25
2016-01-22,3430.68,3461.32,3574.4,3407.95,242170293,206121926400.0,4.78,-0.62,-21.51,1.01
2016-01-29,3472.01,3321.04,3487.24,3215.47,234438778,189440827392.0,7.85,-4.05,-140.28,0.98
2016-02-05,3312.7,3310.23,3338.8,3237.77,170277097,138082414080.0,3.04,-0.33,-10.81,0.71
2016-02-19,3231.81,3367.41,3417.05,3228.87,192016072,151979855104.0,5.68,1.73,57.18,0.8
2016-02-26,3398.46,3286.69,3455.3,3239.82,237209422,179374782464.0,6.4,-2.4,-80.72,0.99
2016-03-04,3280.73,3508.47,3519.68,3179.78,336366874,265210409728.0,10.34,6.75,221.78,1.41
2016-03-11,3512.54,3429.51,3532.06,3386.04,211375879,172921450752.0,4.16,-2.25,-78.96,0.88
2016-03-18,3445.21,3546.25,3575.3,3416.91,289096631,249134174976.0,4.62,3.4,116.74,1.21
2016-03-25,3569.13,3549.09,3642.52,3529.27,268344338,251584906496.0,3.19,0.08,2.84,1.12
2016-04-01,3555.99,3583.86,3585.76,3479.29,214063458,189697554688.0,3.0,0.98,34.77,0.9
2016-04-08,3565.26,3526.3,3616.33,3511.03,177524142,151453453312.0,2.94,-1.61,-57.56,0.74
2016-04-15,3548.5,3616.33,3638.2,3546.05,230261895,203293355520.0,2.61,2.55,90.03,0.96
2016-04-22,3595.72,3568.81,3600.72,3479.62,194750578,172867548160.0,3.35,-1.31,-47.52,0.81
2016-04-29,3556.01,3548.4,3578.98,3531.29,120468507,112601516288.0,1.34,-0.57,-20.41,0.5
2016-05-06,3549.26,3511.83,3600.74,3511.59,149867722,133786297600.0,2.51,-1.03,-36.57,0.63
2016-05-13,3502.04,3481.46,3502.6,3445.43,167295623,141300950784.0,1.63,-0.86,-30.37,0.7
2016-05-20,3469.01,3474.69,3490.5,3437.21,117698060,101211912960.0,1.53,-0.19,-6.77,0.49
2016-05-27,3473.51,3457.51,3487.51,3435.09,102659448,82215043328.0,1.51,-0.49,-17.18,0.43
2016-06-03,3458.17,3566.34,3573.62,3440.06,163547217,145673129216.0,3.86,3.15,108.83,0.68
2016-06-08,3564.56,3539.38,3568.89,3524.01,68923487,62902551040.0,1.26,-0.76,-26.96,0.29
2016-06-17,3511.44,3505.23,3524.1,3450.84,130698089,117956158208.0,2.07,-0.96,-34.15,0.55
2016-06-24,3513.0,3463.39,3545.75,3430.28,127378951,113170372608.0,3.29,-1.19,-41.84,0.53
2016-07-01,3452.99,3533.54,3541.68,3452.6,139241656,127848410880.0,2.57,2.03,70.15,0.58
2016-07-08,3511.09,3516.9,3583.26,3509.3,203245791,206477817856.0,2.09,-0.47,-16.64,0.85
2016-07-15,3520.06,3610.91,3641.54,3518.06,246685364,236545808896.0,3.51,2.67,94.01,1.03
2016-07-22,3606.11,3557.69,3632.52,3552.31,173059675,176297893120.0,2.22,-1.47,-53.22,0.72
2016-07-29,3551.93,3589.18,3613.5,3516.92,211981060,211703908352.0,2.71,0.89,31.49,0.89
2016-08-05,3580.59,3608.32,3629.66,3554.05,173770498,179280211456.0,2.11,0.53,19.14,0.73
2016-08-12,3603.44,3730.63,3730.92,3593.7,219101526,231423727616.0,3.8,3.39,122.31,0.92
2016-08-19,3747.25,3784.45,3880.49,3747.17,365303600,396695177216.0,3.57,1.44,53.82,1.53
2016-08-26,3783.79,3721.41,3793.45,3697.68,178977195,185610335488.0,2.53,-1.67,-63.04,0.75
2016-09-02,3715.49,3742.42,3756.03,3698.92,167920766,178708995072.0,1.53,0.56,21.01,0.7
2016-09-09,3750.04,3742.09,3780.24,3731.89,171069140,190781344256.0,1.29,-0.01,-0.33,0.72
2016-09-14,3697.89,3654.95,3699.88,3647.87,114201411,122154613760.0,1.39,-2.33,-87.14,0.48
2016-09-23,3658.49,3707.1,3737.66,3658.49,123167257,144829519104.0,2.17,1.43,52.15,0.52
2016-09-30,3695.53,3689.93,3700.86,3649.21,111280477,123347933952.0,1.39,-0.46,-17.17,0.47
2016-10-14,3699.49,3730.98,3742.84,3691.32,154158830,151276744704.0,1.4,1.11,41.05,0.64
2016-10-21,3727.08,3764.63,3772.98,3694.21,185606693,169969679104.0,2.11,0.9,33.65,0.78
2016-10-28,3774.61,3784.79,3831.87,3769.96,224315969,222013235712.0,1.64,0.54,20.16,0.94
2016-11-04,3775.57,3807.64,3831.72,3758.36,203141668,200864372224.0,1.94,0.6,22.85,0.85
2016-11-11,3807.36,3867.92,3876.08,3773.3,257738304,257942691584.0,2.7,1.58,60.28,1.08
2016-11-18,3865.26,3878.49,3905.84,3861.15,272209846,266256296704.0,1.16,0.27,10.57,1.14
2016-11-25,3870.98,4047.62,4048.01,3870.13,375570959,387611287552.0,4.59,4.36,169.13,1.57
2016-12-02,4071.67,4077.36,4134.07,4049.08,502681649,541977288704.0,2.1,0.73,29.74,2.1
2016-12-09,4002.18,4045.66,4064.59,3959.72,334524582,340145756928.0,2.57,-0.78,-31.7,1.4
2016-12-16,4037.87,3857.48,4052.73,3840.92,322912205,316755726848.0,5.24,-4.65,-188.18,1.35
2016-12-23,3851.72,3814.01,3861.74,3781.32,247858442,226635183616.0,2.08,-1.13,-43.47,1.04
2016-12-30,3796.43,3826.54,3848.92,3770.97,196459496,189467745024.0,2.04,0.33,12.53,0.82
2017-01-06,3828.67,3878.46,3901.73,3828.67,170170977,165339572992.0,1.91,1.36,51.92,0.71
2017-01-13,3877.7,3862.15,3897.82,3838.48,207654173,186711275520.0,1.53,-0.42,-16.31,0.87
2017-01-20,3857.11,3931.68,3935.61,3822.33,219106425,205929294080.0,2.93,1.8,69.53,0.92
2017-01-26,3937.67,3970.24,3985.41,3922.4,129802078,129270825728.0,1.6,0.98,38.56,0.54
2017-02-03,3972.19,3934.36,3974.29,3932.49,21524050,23854831360.0,1.05,-0.9,-35.88,0.09
2017-02-10,3942.21,3992.3,4003.03,3911.12,213936346,214303683584.0,2.34,1.47,57.94,0.89
2017-02-17,3996.77,4006.81,4047.51,3996.27,273090035,270948406528.0,1.28,0.36,14.51,1.14
2017-02-24,4008.8,4070.42,4103.12,4008.8,264109404,273106469888.0,2.35,1.59,63.61,1.1
2017-03-03,4065.04,4007.36,4067.13,3992.23,200451882,208134904320.0,1.84,-1.55,-63.06,0.84
2017-03-10,4004.8,4015.04,4043.92,3992.72,190992521,198603565824.0,1.28,0.19,7.68,0.8
2017-03-17,4012.15,4035.31,4094.53,3996.36,226358354,246791683840.0,2.45,0.5,20.27,0.95
2017-03-24,4042.77,4103.1,4118.37,4019.75,261516504,303829698048.0,2.44,1.68,67.79,1.09
2017-03-31,4100.76,4081.05,4131.64,4031.26,257937018,270019698176.0,2.45,-0.54,-22.05,1.08
2017-04-07,4109.62,4149.76,4161.87,4101.55,215008108,226323869696.0,1.48,1.68,68.71,0.9
2017-04-14,4153.54,4108.86,4160.38,4088.68,396122517,412860441088.0,1.73,-0.99,-40.9,1.66
2017-04-21,4096.55,4115.35,4122.14,4052.04,295711943,333684496128.0,1.71,0.16,6.49,1.24
2017-04-28,4104.85,4079.61,4127.04,4049.72,273754117,313450428416.0,1.88,-0.87,-35.74,1.14
2017-05-05,4063.96,4035.95,4080.73,4006.26,197404720,214730202112.0,1.83,-1.07,-43.66,0.83
2017-05-12,4020.26,4099.44,4100.11,3981.89,243459421,268191970816.0,2.93,1.57,63.49,1.02
2017-05-19,4105.25,4100.0,4125.9,4064.55,206155487,233606223872.0,1.5,0.01,0.56,0.86
2017-05-26,4095.96,4266.96,4283.24,4092.15,266668882,300082164992.0,4.66,4.07,166.96,1.12
2017-06-02,4277.96,4287.08,4319.38,4253.21,146700355,173688229120.0,1.55,0.47,20.12,0.61
2017-06-09,4274.82,4396.79,4426.49,4236.55,219674979,270922034176.0,4.43,2.56,109.71,0.92
2017-06-16,4394.31,4282.32,4452.54,4275.04,176574317,234120506368.0,4.04,-2.6,-114.47,0.74
2017-06-23,4287.89,4457.29,4460.81,4285.84,221040070,282530502400.0,4.09,4.09,174.97,0.92
2017-06-30,4465.52,4518.12,4532.74,4465.52,233242127,300366499584.0,1.51,1.36,60.83,0.98
2017-07-07,4517.64,4486.76,4517.72,4426.68,194968927,257314265856.0,2.01,-0.69,-31.36,0.82
2017-07-14,4474.53,4604.94,4604.94,4466.29,273976238,319428653568.0,3.09,2.63,118.18,1.15
2017-07-21,4609.32,4637.88,4677.07,4548.15,352111467,397417000704.0,2.8,0.72,32.94,1.47
2017-07-28,4631.07,4611.33,4680.65,4560.4,281876818,313026584576.0,2.59,-0.57,-26.55,1.18
2017-08-04,4610.93,4566.66,4692.95,4565.48,286219451,321434001664.0,2.76,-0.97,-44.67,1.2
2017-08-11,4559.49,4468.48,4598.82,4459.9,244699300,267192506112.0,3.04,-2.15,-98.18,1.02
2017-08-18,4471.81,4545.43,4556.6,4467.78,194201731,219383409664.0,1.99,1.72,76.95,0.81
2017-08-25,4554.4,4684.37,4685.3,4545.1,236017629,263495648000.0,3.08,3.06,138.94,0.99
2017-09-01,4698.51,4661.87,4765.09,4644.53,303982423,336556465408.0,2.57,-0.48,-22.5,1.27
2017-09-08,4656.86,4658.93,4710.92,4635.17,254792350,278538641408.0,1.62,-0.06,-2.94,1.07
2017-09-15,4668.2,4663.91,4690.69,4629.84,237465905,283651188224.0,1.31,0.11,4.98,0.99
2017-09-22,4665.3,4690.01,4704.81,4646.97,220949432,273286251008.0,1.24,0.56,26.1,0.92
2017-09-29,4676.5,4657.87,4686.63,4634.41,176208473,215358089472.0,1.11,-0.69,-32.14,0.74
2017-10-13,4764.42,4758.28,4778.98,4670.68,214516909,282702075136.0,2.33,2.16,100.41,0.9
2017-10-20,4764.11,4800.23,4826.69,4745.89,184247794,239718247936.0,1.7,0.88,41.95,0.77
2017-10-27,4806.61,4932.35,4933.4,4787.92,228029611,286974929408.0,3.03,2.75,132.12,0.95
2017-11-03,4932.8,4899.27,4956.94,4857.94,302816840,365663751168.0,2.01,-0.67,-33.08,1.27
2017-11-10,4893.3,5013.61,5018.44,4860.58,290844037,380486356480.0,3.22,2.33,114.34,1.22
2017-11-17,5021.11,5149.53,5151.97,4982.12,335106355,440891305984.0,3.39,2.71,135.92,1.4
2017-11-24,5115.71,5183.73,5358.21,5081.39,410476224,539278553088.0,5.38,0.66,34.2,1.72
2017-12-01,5161.46,5000.0,5161.48,4986.97,269556912,361015649024.0,3.37,-3.54,-183.73,1.13
2017-12-08,4983.86,5018.72,5123.46,4955.63,248791690,334278433280.0,3.36,0.37,18.72,1.04
2017-12-15,5016.91,4973.03,5088.96,4967.3,180393736,232323688192.0,2.42,-0.91,-45.69,0.75
2017-12-22,4971.32,5097.6,5134.69,4967.52,172810907,228677457408.0,3.36,2.5,124.57,0.72
2017-12-29,5101.49,5063.64,5170.43,5008.95,210459062,264196153600.0,3.17,-0.67,-33.96,0.88
2018-01-05,5081.96,5222.07,5244.38,5081.96,283658657,342190895104.0,3.21,3.13,158.43,1.19
2018-01-12,5234.33,5377.38,5379.31,5221.36,333462008,425495568384.0,3.02,2.97,155.31,1.39
2018-01-19,5391.34,5534.81,5599.76,5390.73,507594153,623739785216.0,3.89,2.93,157.43,2.12
2018-01-26,5518.83,5666.5,5711.76,5517.87,535668050,626397573120.0,3.5,2.38,131.69,2.24
2018-02-02,5682.86,5632.93,5709.87,5472.13,411758395,511508508672.0,4.2,-0.59,-33.57,1.72
2018-02-09,5551.45,5028.63,5683.85,4883.77,564567121,679851966464.0,14.2,-10.73,-604.3,2.36
2018-02-14,5019.58,5183.57,5208.22,4984.41,159264362,188093378816.0,4.45,3.08,154.94,0.67
2018-02-23,5267.2,5328.88,5346.54,5244.31,103918047,121634031360.0,1.97,2.8,145.31,0.43
2018-03-02,5360.63,5152.66,5380.59,5116.94,258274185,309096007936.0,4.95,-3.31,-176.22,1.08
2018-03-09,5153.95,5239.87,5263.15,5101.66,234487004,271787277312.0,3.13,1.69,87.21,0.98
2018-03-16,5266.0,5175.46,5273.9,5160.02,221452525,269479646720.0,2.17,-1.23,-64.41,0.93
2018-03-23,5170.97,5004.67,5240.69,4915.84,231146547,284639780096.0,6.28,-3.3,-170.79,0.97
2018-03-30,4952.66,4893.73,4974.95,4760.68,251077560,313019313920.0,4.28,-2.22,-110.94,1.05
2018-04-04,4880.84,4834.3,4944.71,4801.81,115829834,140354215936.0,2.92,-1.21,-59.43,0.48
2018-04-13,4836.68,4880.22,5011.33,4797.75,199714702,235560859648.0,4.42,0.95,45.92,0.84
2018-04-20,4868.3,4755.85,4873.95,4693.25,203854917,238589265152.0,3.7,-2.55,-124.37,0.85
2018-04-27,4743.35,4736.03,4911.73,4669.49,189794165,262565190400.0,5.09,-0.42,-19.82,0.79
2018-05-04,4745.1,4725.48,4771.83,4687.31,100755438,128226261760.0,1.78,-0.22,-10.55,0.42
2018-05-11,4733.12,4856.53,4888.41,4707.63,163932097,212031501824.0,3.83,2.77,131.05,0.69
2018-05-18,4876.73,4885.39,4922.21,4799.2,154486703,192628582144.0,2.53,0.59,28.86,0.65
2018-05-25,4908.54,4741.05,4919.3,4720.59,166291684,193128211712.0,4.07,-2.95,-144.34,0.7
2018-06-01,4742.81,4734.26,4779.18,4654.52,166464739,211108101120.0,2.63,-0.14,-6.79,0.7
2018-06-08,4760.87,4754.22,4855.41,4732.79,168344653,239690865920.0,2.59,0.42,19.96,0.7
2018-06-15,4743.7,4830.32,4845.56,4728.99,160451166,214030540800.0,2.45,1.6,76.1,0.67
2018-06-22,4773.68,4690.95,4784.93,4642.53,177479129,207783186688.0,2.95,-2.89,-139.37,0.74
2018-06-29,4710.06,4479.76,4714.51,4375.13,171633346,199227674368.0,7.23,-4.5,-211.19,0.72
2018-07-06,4466.92,4305.49,4466.92,4212.47,176273658,193679826688.0,5.68,-3.89,-174.27,0.74
2018-07-13,4322.68,4418.97,4446.58,4322.68,153562777,165729992448.0,2.88,2.64,113.48,0.64
2018-07-20,4409.11,4439.23,4462.72,4289.82,156723736,168841648896.0,3.91,0.46,20.26,0.66
2018-07-27,4420.18,4507.52,4609.91,4409.32,228801421,229354602240.0,4.52,1.54,68.29,0.96
2018-08-03,4509.67,4305.79,4589.48,4305.57,179121984,184916503296.0,6.3,-4.48,-201.73,0.75
2018-08-10,4314.48,4443.89,4477.19,4272.52,172294281,177215023616.0,4.75,3.21,138.1,0.72
2018-08-17,4400.26,4228.88,4407.63,4208.74,139188552,137115013120.0,4.48,-4.84,-215.01,0.58
2018-08-24,4248.51,4381.61,4420.44,4223.83,134502256,146184305408.0,4.65,3.61,152.73,0.56
2018-08-31,4403.64,4414.98,4486.99,4378.86,158077926,161766962176.0,2.47,0.76,33.37,0.66
2018-09-07,4399.52,4336.95,4468.56,4295.63,132995667,138867901696.0,3.92,-1.77,-78.03,0.56
2018-09-14,4326.97,4337.45,4346.27,4233.69,119893795,119840849920.0,2.6,0.01,0.5,0.5
2018-09-21,4313.66,4585.63,4585.63,4275.79,179595906,180197153792.0,7.14,5.72,248.18,0.75
2018-09-28,4533.31,4612.65,4637.17,4513.6,155038183,159515493888.0,2.69,0.59,27.02,0.65
2018-10-12,4504.66,4336.31,4512.91,4217.88,197325444,199414763008.0,6.4,-5.99,-276.34,0.83
2018-10-19,4336.42,4320.39,4336.42,4153.29,171519506,167383337728.0,4.22,-0.37,-15.92,0.72
2018-10-26,4343.19,4400.02,4506.12,4283.87,222663018,229189309696.0,5.14,1.84,79.63,0.93
2018-11-02,4403.97,4498.27,4502.09,4243.13,237750375,252976310528.0,5.89,2.23,98.25,0.99
2018-11-09,4468.23,4326.77,4476.61,4322.31,169653552,166158327808.0,3.43,-3.81,-171.5,0.71
2018-11-16,4316.78,4397.31,4428.06,4304.27,191439970,173900957184.0,2.86,1.63,70.54,0.8
2018-11-23,4404.37,4276.38,4448.93,4275.14,159470954,151402577408.0,3.95,-2.75,-120.93,0.67
2018-11-30,4290.3,4301.94,4340.88,4257.89,118279437,111477807104.0,1.94,0.6,25.56,0.49
2018-12-07,4397.67,4313.38,4413.74,4304.2,155866561,161437694208.0,2.55,0.27,11.44,0.65
2018-12-14,4282.35,4311.06,4385.89,4250.61,133873559,142096998144.0,3.14,-0.05,-2.32,0.56
2018-12-21,4308.39,4135.22,4324.84,4105.71,147498517,139120654336.0,5.08,-4.08,-175.84,0.62
2018-12-28,4110.12,4099.22,4142.87,4037.48,142205759,126179552512.0,2.55,-0.87,-36.0,0.59
2019-01-04,4097.78,4128.14,4129.5,4015.99,87627097,80402305792.0,2.77,0.71,28.92,0.37
2019-01-11,4155.91,4184.64,4213.19,4105.03,160204706,137868187904.0,2.62,1.37,56.5,0.67
2019-01-18,4178.27,4277.03,4280.39,4146.94,144853455,128778181120.0,3.19,2.21,92.39,0.61
2019-01-25,4277.53,4331.73,4351.24,4233.68,144913645,133125038848.0,2.75,1.28,54.7,0.61
2019-02-01,4354.03,4428.73,4438.46,4304.03,160214240,145981126400.0,3.1,2.24,97.0,0.67
2019-02-15,4405.68,4431.62,4558.23,4398.72,210751576,187929589760.0,3.6,0.07,2.89,0.88
2019-02-22,4463.5,4588.67,4594.16,4463.5,262635141,231456036608.0,2.95,3.54,157.05,1.1
2019-03-01,4629.46,4900.87,4900.87,4629.46,513922339,451621487104.0,5.91,6.8,312.2,2.15
2019-03-08,4932.33,4713.64,5063.07,4709.7,559806241,480536915968.0,7.21,-3.82,-187.23,2.34
2019-03-15,4704.43,4834.16,4877.21,4683.54,378493966,350746825216.0,4.11,2.56,120.52,1.58
2019-03-22,4848.55,4910.49,4988.92,4819.71,349895211,337276430848.0,3.5,1.58,76.33,1.46
2019-03-29,4851.14,4942.34,4944.74,4747.32,327118451,303418041600.0,4.02,0.65,31.85,1.37
2019-04-04,4978.22,5197.88,5218.76,4978.22,407061025,385171128320.0,4.87,5.17,255.54,1.7
2019-04-12,5231.47,5131.08,5302.47,5100.42,396201559,398695304960.0,3.89,-1.29,-66.8,1.66
2019-04-19,5218.43,5310.62,5318.05,5104.76,365717388,365000772352.0,4.16,3.5,179.54,1.53
2019-04-26,5311.25,4995.71,5311.56,4992.75,296895417,303688760832.0,6.0,-5.93,-314.91,1.24
2019-04-30,5016.81,5082.64,5107.44,5008.93,106377418,111831606016.0,1.97,1.74,86.93,0.44
2019-05-10,4933.83,4850.28,4959.16,4683.97,288433513,296437277440.0,5.41,-4.57,-232.36,1.21
2019-05-17,4779.07,4754.13,4854.81,4721.49,207882576,203703047936.0,2.75,-1.98,-96.15,0.87
2019-05-24,4740.92,4711.7,4804.86,4670.44,182798408,173525285888.0,2.83,-0.89,-42.43,0.76
2019-05-31,4699.99,4750.51,4817.96,4654.7,186101651,188663086592.0,3.46,0.82,38.81,0.78
2019-06-06,4763.91,4715.72,4799.05,4709.17,130932778,127081064960.0,1.89,-0.73,-34.79,0.55
2019-06-14,4739.82,4811.3,4887.95,4733.67,194021494,187244495104.0,3.27,2.03,95.58,0.81
2019-06-21,4809.94,5011.81,5048.5,4808.09,219524183,219760351744.0,5.0,4.17,200.51,0.92
2019-06-28,5011.89,4970.15,5029.95,4896.55,176794232,191346194688.0,2.66,-0.83,-41.66,0.74
2019-07-05,5047.45,5040.42,5080.99,5010.34,207233471,215327043072.0,1.42,1.41,70.27,0.87
2019-07-12,5012.91,4911.79,5013.25,4865.8,155349599,174908693504.0,2.93,-2.55,-128.63,0.65
2019-07-19,4892.76,4944.85,4956.45,4832.84,152468985,160053756928.0,2.52,0.67,33.06,0.64
2019-07-26,4946.15,4999.72,5005.82,4900.18,159719218,164096024320.0,2.14,1.11,54.87,0.67
2019-08-02,4997.08,4833.06,5035.22,4815.15,167637331,166229796352.0,4.4,-3.33,-166.66,0.7
2019-08-09,4802.27,4705.24,4804.48,4632.91,172041901,171409756160.0,3.55,-2.64,-127.82,0.72
2019-08-16,4705.19,4735.45,4772.51,4632.06,143218630,148640387328.0,2.98,0.64,30.21,0.6
2019-08-23,4759.22,4825.44,4833.78,4728.79,165478208,169961468672.0,2.22,1.9,89.99,0.69
2019-08-30,4748.32,4724.32,4825.1,4705.07,173436826,186319416832.0,2.49,-2.1,-101.12,0.73
2019-09-06,4723.15,4922.84,4937.54,4718.75,230440356,231173378304.0,4.63,4.2,198.52,0.96
2019-09-12,4960.52,4974.83,4977.42,4878.33,171287971,167842245632.0,2.01,1.06,51.99,0.72
2019-09-20,4987.57,4888.18,4987.57,4855.88,180903702,178440584192.0,2.65,-1.74,-86.65,0.76
2019-09-27,4872.23,4814.95,4872.23,4793.71,161969148,161537513216.0,1.61,-1.5,-73.23,0.68
2019-09-30,4798.77,4775.73,4825.95,4775.52,26372006,26197896448.0,1.05,-0.81,-39.22,0.11
2019-10-11,4776.62,4935.5,4946.46,4776.6,142790181,147460723712.0,3.56,3.35,159.77,0.6
2019-10-18,4972.54,4899.24,5049.96,4893.81,192246876,194714353152.0,3.16,-0.73,-36.26,0.8
2019-10-25,4893.68,4917.49,4951.59,4875.9,148807693,153877361408.0,1.54,0.37,18.25,0.62
2019-11-01,4919.72,4939.51,4943.68,4835.24,170112662,177291184128.0,2.21,0.45,22.02,0.71
2019-11-08,4955.63,4955.56,5046.48,4945.94,204944751,208346314240.0,2.04,0.32,16.05,0.86
2019-11-15,4927.66,4821.79,4927.66,4820.24,154611420,149098034688.0,2.17,-2.7,-133.77,0.65
2019-11-22,4818.17,4795.16,4894.66,4782.62,151358790,153905315328.0,2.32,-0.55,-26.63,0.63
2019-11-29,4807.54,4800.77,4894.49,4785.69,179222382,169954691840.0,2.27,0.12,5.61,0.75
2019-12-06,4812.64,4836.34,4838.63,4784.55,135244767,131711748096.0,1.13,0.74,35.57,0.57
2019-12-13,4841.21,4960.66,4961.82,4829.35,188091114,188279979008.0,2.74,2.57,124.32,0.79
2019-12-20,4950.99,5031.77,5073.72,4938.58,250303402,247360371968.0,2.72,1.43,71.11,1.05
2019-12-27,5044.46,5030.46,5073.82,4964.05,185471480,184615256832.0,2.18,-0.03,-1.31,0.78
2020-01-03,5025.55,5168.56,5202.44,5000.73,220150026,228937304064.0,4.01,2.75,138.1,0.92
2020-01-10,5141.85,5121.64,5177.48,5079.82,267529393,267895386624.0,1.89,-0.91,-46.92,1.12
2020-01-17,5124.32,5059.18,5184.73,5041.57,204152408,218869918976.0,2.8,-1.22,-62.46,0.85
2020-01-23,5076.89,4851.44,5084.62,4823.68,195542041,213662627072.0,5.16,-4.11,-207.74,0.82
2020-02-07,4414.92,4652.41,4679.24,4414.92,342713874,335026392320.0,5.45,-4.1,-199.03,1.43
2020-02-14,4618.53,4744.39,4747.45,4603.06,235669009,232694848512.0,3.1,1.98,91.98,0.99
2020-02-21,4745.13,4837.94,4870.47,4739.13,292909298,287898257408.0,2.77,1.97,93.55,1.22
2020-02-28,4811.63,4651.07,4816.43,4643.58,407836610,378154233856.0,3.57,-3.86,-186.87,1.71
2020-03-06,4674.96,4842.64,4943.83,4674.96,413491270,393034473472.0,5.78,4.12,191.57,1.73
2020-03-13,4758.81,4586.75,4793.26,4465.85,353135060,325885030912.0,6.76,-5.28,-255.89,1.48
2020-03-20,4596.24,4293.11,4596.24,4139.17,332612545,320448053760.0,9.97,-6.4,-293.64,1.39
2020-03-27,4174.67,4393.16,4439.06,4161.57,263175607,249523234304.0,6.46,2.33,100.05,1.1
2020-04-03,4339.21,4343.84,4409.91,4298.62,223051032,192545521408.0,2.53,-1.12,-49.32,0.93
2020-04-10,4410.88,4383.92,4431.65,4371.15,166043712,151413911296.0,1.39,0.92,40.08,0.69
2020-04-17,4369.75,4432.11,4455.66,4365.61,191180530,182869204224.0,2.05,1.1,48.19,0.8
2020-04-24,4436.88,4352.2,4437.62,4342.25,182689274,168355693824.0,2.15,-1.8,-79.91,0.76
2020-04-30,4362.97,4507.99,4533.04,4338.53,167739339,159173943296.0,4.47,3.58,155.79,0.7
2020-05-08,4449.06,4505.96,4519.17,4444.53,139661863,135614042624.0,1.66,-0.05,-2.03,0.58
2020-05-15,4516.75,4425.86,4556.48,4422.15,181338415,176418542592.0,2.98,-1.78,-80.1,0.76
2020-05-22,4432.03,4331.38,4477.01,4331.38,178497042,165099148800.0,3.29,-2.13,-94.48,0.75
2020-05-29,4343.17,4374.01,4436.28,4309.08,167426413,152317177088.0,2.94,0.98,42.63,0.7
2020-06-05,4400.23,4490.85,4561.65,4400.23,215072572,210095807744.0,3.69,2.67,116.84,0.9
2020-06-12,4518.16,4430.22,4544.31,4374.94,217807706,209774693632.0,3.77,-1.35,-60.63,0.91
2020-06-19,4399.43,4450.63,4461.4,4366.35,204284028,183396317696.0,2.15,0.46,20.41,0.85
2020-06-24,4442.92,4443.01,4460.02,4395.12,125778623,126318185984.0,1.46,-0.17,-7.62,0.53
2020-07-03,4440.65,4754.34,4764.65,4392.99,373399856,374021997568.0,8.37,7.01,311.33,1.56
2020-07-10,4825.04,4951.45,5283.1,4825.04,745362095,748101947392.0,9.63,4.15,197.11,3.12
2020-07-17,4928.14,4721.73,5033.03,4678.22,547706944,545780609024.0,7.17,-4.64,-229.72,2.29
2020-07-24,4756.37,4647.46,4931.75,4623.09,426147348,441313542144.0,6.54,-1.57,-74.27,1.78
2020-07-31,4673.4,4677.19,4737.44,4597.47,284104791,288286547200.0,3.01,0.64,29.73,1.19
2020-08-07,4708.85,4751.03,4844.4,4701.93,367762499,378197830144.0,3.05,1.58,73.84,1.54
2020-08-14,4744.4,4852.76,4875.66,4719.72,339516807,336250960128.0,3.28,2.14,101.73,1.42
2020-08-21,4867.24,4869.55,5030.32,4834.18,375204206,365966542336.0,4.04,0.35,16.79,1.57
2020-08-28,4885.88,4882.38,4900.4,4763.75,247412639,252230839552.0,2.81,0.26,12.83,1.03
2020-09-04,4900.2,4817.76,4940.12,4775.99,299509166,302549837312.0,3.36,-1.32,-64.62,1.25
2020-09-11,4811.76,4793.35,4864.89,4760.26,292389414,281196681984.0,2.17,-0.51,-24.41,1.22
2020-09-18,4806.04,4980.61,4983.24,4792.06,244105036,264264355328.0,3.99,3.91,187.26,1.02
2020-09-25,4991.54,4728.15,4994.73,4711.81,219461890,228514540032.0,5.68,-5.07,-252.46,0.92
2020-09-30,4737.7,4699.45,4773.5,4673.95,105386231,109732932608.0,2.11,-0.61,-28.7,0.44
2020-10-09,4753.74,4754.03,4772.03,4747.47,41345991,44369906176.0,0.52,1.16,54.58,0.17
2020-10-16,4773.2,4902.31,4927.14,4772.92,247431046,267054790912.0,3.24,3.12,148.28,1.03
2020-10-23,4929.18,4929.75,5011.04,4852.96,246228333,256779886848.0,3.22,0.56,27.44,1.03
2020-10-30,4931.83,4784.74,4935.24,4773.77,246420982,265909545216.0,3.28,-2.94,-145.01,1.03
2020-11-06,4800.19,5005.27,5014.78,4782.95,271840743,301517460736.0,4.85,4.61,220.53,1.14
2020-11-13,5037.72,4981.16,5125.32,4954.42,327503195,340839276032.0,3.41,-0.48,-24.11,1.37
2020-11-20,5004.13,5154.73,5168.56,4989.6,297316554,326092952064.0,3.59,3.48,173.57,1.24
2020-11-27,5159.02,5297.96,5297.96,5149.72,353099951,370808380928.0,2.88,2.78,143.23,1.48
2020-12-04,5323.55,5282.27,5448.41,5240.7,444847517,447300911360.0,3.92,-0.3,-15.69,1.86
2020-12-11,5282.29,5036.78,5284.4,5006.02,281971653,286021522688.0,5.27,-4.65,-245.49,1.18
2020-12-18,5049.67,5082.15,5128.16,4998.09,252004290,275212918016.0,2.58,0.9,45.37,1.05
2020-12-25,5070.49,5003.63,5091.96,4937.43,252778699,288459826432.0,3.04,-1.55,-78.52,1.06
2020-12-31,4999.44,5098.28,5108.69,4982.96,212225006,249443678720.0,2.51,1.89,94.65,0.89
2021-01-08,5076.05,5251.7,5251.7,4979.06,412118738,495068168192.0,5.35,3.01,153.42,1.72
2021-01-15,5267.74,5423.17,5494.4,5221.78,548800233,622223310848.0,5.19,3.27,171.47,2.3
2021-01-22,5417.46,5385.6,5527.42,5356.18,435447933,525634170880.0,3.16,-0.69,-37.57,1.82
2021-01-29,5367.69,5221.41,5405.9,5178.21,343919529,427358900224.0,4.23,-3.05,-164.19,1.44
2021-02-05,5215.31,5364.19,5394.55,5189.05,372679076,451815526400.0,3.94,2.73,142.78,1.56
2021-02-10,5373.56,5494.53,5513.75,5334.63,226142573,270525112320.0,3.34,2.43,130.34,0.95
2021-02-19,5607.17,5646.35,5659.66,5576.97,198822464,239256326144.0,1.5,2.76,151.82,0.83
2021-02-26,5659.46,5483.92,5686.8,5470.69,538764608,630026366976.0,3.83,-2.88,-162.43,2.25
2021-03-05,5511.83,5463.24,5612.57,5393.24,412699333,488545366016.0,4.0,-0.38,-20.68,1.73
2021-03-12,5502.47,5521.31,5556.16,5298.46,439716278,473663352832.0,4.72,1.06,58.07,1.84
2021-03-19,5509.98,5379.88,5585.42,5361.12,381506376,405355873792.0,4.06,-2.56,-141.43,1.6
2021-03-26,5385.33,5346.77,5471.62,5271.16,341878945,357908777984.0,3.73,-0.62,-33.11,1.43
2021-04-02,5356.43,5388.08,5415.54,5315.97,325502415,332230398720.0,1.86,0.77,41.31,1.36
2021-04-09,5399.03,5321.88,5402.14,5304.86,214828258,234869830144.0,1.81,-1.23,-66.2,0.9
2021-04-16,5321.06,5241.45,5326.5,5171.71,255278133,288220986368.0,2.91,-1.51,-80.43,1.07
2021-04-23,5242.99,5285.81,5332.03,5217.48,265627282,309848632576.0,2.19,0.85,44.36,1.11
2021-04-30,5299.02,5233.05,5310.62,5199.08,286134631,332271034624.0,2.11,-1.0,-52.76,1.2
2021-05-07,5222.66,5265.14,5322.15,5222.51,132289218,151088095232.0,1.9,0.61,32.09,0.55
2021-05-14,5273.02,5276.61,5277.86,5167.41,280892763,317643521536.0,2.1,0.22,11.47,1.17
2021-05-21,5266.14,5216.75,5331.53,5205.7,252882272,297818670336.0,2.38,-1.13,-59.86,1.06
2021-05-28,5215.77,5380.52,5413.76,5187.17,315933544,371360649984.0,4.34,3.14,163.77,1.32
2021-06-04,5374.88,5309.55,5375.2,5264.77,288633992,332068259072.0,2.05,-1.32,-70.97,1.21
2021-06-11,5305.8,5262.05,5331.38,5240.83,292651008,325106593792.0,1.71,-0.89,-47.5,1.22
2021-06-18,5248.17,5104.13,5251.66,5081.92,254619610,306025717760.0,3.23,-3.0,-157.92,1.06
2021-06-25,5082.87,5207.76,5215.93,5030.83,297201874,382708370432.0,3.63,2.03,103.63,1.24
2021-07-02,5218.5,5025.08,5220.6,5016.25,273396651,369642107136.0,3.92,-3.51,-182.68,1.14
2021-07-09,5020.54,4944.57,5080.81,4922.3,294640021,383067841024.0,3.15,-1.6,-80.51,1.23
2021-07-16,4980.46,4939.68,4991.55,4863.92,353225215,425733046272.0,2.58,-0.1,-4.89,1.48
2021-07-23,4936.89,4872.04,4941.66,4836.46,340957443,396957661696.0,2.13,-1.37,-67.64,1.43
2021-07-30,4856.73,4589.94,4856.73,4547.52,425507207,473998217216.0,6.35,-5.79,-282.1,1.78
2021-08-06,4579.56,4672.68,4723.9,4532.74,386728247,451654252544.0,4.16,1.8,82.74,1.62
2021-08-13,4663.92,4849.98,4914.3,4662.25,385751990,467267219456.0,5.39,3.79,177.3,1.61
2021-08-20,4859.98,4813.15,4950.36,4767.39,441286590,528572428288.0,3.77,-0.76,-36.83,1.85
2021-08-27,4816.52,4802.02,4874.36,4759.85,426230558,494848405504.0,2.38,-0.23,-11.13,1.78
2021-09-03,4803.64,4971.32,5033.74,4713.76,670419774,754849800192.0,6.66,3.53,169.3,2.8
2021-09-10,4970.07,5154.76,5228.09,4969.62,681243876,753153060864.0,5.2,3.69,183.44,2.85
2021-09-17,5144.5,4960.43,5209.29,4912.83,599926435,683866390528.0,5.75,-3.77,-194.33,2.51
2021-09-24,4855.94,4907.41,5054.46,4850.03,355708680,374186758144.0,4.12,-1.07,-53.02,1.49
2021-09-30,4907.02,4878.15,4936.66,4828.79,419286671,442775867392.0,2.2,-0.6,-29.26,1.75
2021-10-08,4931.98,4940.07,4942.69,4901.1,92082593,105145741312.0,0.85,1.27,61.92,0.39
2021-10-15,4961.82,4871.93,5021.59,4844.37,386830384,413714202368.0,3.59,-1.38,-68.14,1.62
2021-10-22,4875.19,4957.54,4997.55,4829.47,368508383,424023306240.0,3.45,1.76,85.61,1.54
2021-10-29,4925.44,4803.1,4988.17,4767.51,379672540,435254935552.0,4.45,-3.12,-154.44,1.59
2021-11-05,4785.99,4691.68,4844.57,4684.61,378012941,416252911616.0,3.33,-2.32,-111.42,1.58
2021-11-12,4691.91,4765.5,4794.94,4603.41,332745235,392850356992.0,4.08,1.57,73.82,1.39
2021-11-19,4771.9,4758.11,4785.93,4674.59,273337349,313257902848.0,2.34,-0.16,-7.39,1.14
2021-11-26,4753.8,4664.62,4756.37,4663.02,284564638,311429912576.0,1.96,-1.96,-93.49,1.19
2021-12-03,4624.0,4778.13,4778.13,4618.51,340238463,373259059712.0,3.42,2.43,113.51,1.42
2021-12-10,4798.7,4910.57,4978.13,4798.7,485403654,546762522624.0,3.76,2.77,132.44,2.03
2021-12-17,4948.72,4879.57,5003.0,4849.3,399771306,425700978688.0,3.13,-0.63,-31.0,1.67
2021-12-24,4865.12,4860.9,4911.49,4842.99,348184177,350730916096.0,1.4,-0.38,-18.67,1.46
2021-12-31,4863.86,4882.95,4893.39,4837.04,302172742,336771230464.0,1.16,0.45,22.05,1.26
2022-01-07,4891.61,4983.38,5003.42,4859.87,374825971,398595375104.0,2.94,2.06,100.43,1.57
2022-01-14,4991.8,4856.96,5069.81,4853.02,403687506,423928184832.0,4.35,-2.54,-126.42,1.69
2022-01-21,4855.04,5004.5,5073.08,4852.68,394561304,422438714112.0,4.54,3.04,147.54,1.65
2022-01-28,4995.7,4796.69,5026.05,4791.5,331694333,335171280384.0,4.69,-4.15,-207.81,1.39
2022-02-11,4861.46,5093.82,5139.86,4857.39,440083054,433621757952.0,5.89,6.19,297.13,1.84
2022-02-18,5075.1,5017.35,5075.1,4899.66,321530693,325008457216.0,3.44,-1.5,-76.47,1.34
2022-02-25,5002.76,4823.91,5005.95,4806.51,383711340,362561283584.0,3.98,-3.86,-193.44,1.6
2022-03-04,4814.19,4840.8,4894.56,4774.09,354396983,346254091776.0,2.5,0.35,16.89,1.48
2022-03-11,4819.41,4588.99,4823.04,4403.06,467086588,434015559680.0,8.68,-5.2,-251.81,1.95
2022-03-18,4525.68,4550.93,4592.48,4197.14,463658179,439405104640.0,8.61,-0.83,-38.06,1.94
2022-03-25,4545.55,4512.46,4593.66,4477.18,322905348,318621712384.0,2.56,-0.85,-38.47,1.35
2022-04-01,4479.5,4709.52,4710.37,4447.64,373048105,355166871808.0,5.82,4.37,197.06,1.56
2022-04-08,4691.25,4755.09,4773.83,4673.57,266153738,249828315136.0,2.13,0.97,45.57,1.11
2022-04-15,4736.59,4729.9,4749.9,4626.19,364545202,353198796544.0,2.6,-0.53,-25.19,1.52
2022-04-22,4685.4,4557.52,4685.4,4459.29,340814431,335386626304.0,4.78,-3.64,-172.38,1.43
2022-04-29,4473.29,4451.82,4513.59,4289.85,460074374,417977638912.0,4.91,-2.32,-105.7,1.92
2022-05-06,4450.85,4346.29,4482.64,4340.3,150071137,137805962752.0,3.2,-2.37,-105.53,0.63
2022-05-13,4329.91,4377.59,4385.41,4241.69,324456181,297821986816.0,3.31,0.72,31.3,1.36
2022-05-20,4399.56,4434.44,4435.33,4309.01,309189134,285948309760.0,2.89,1.3,56.85,1.29
2022-05-27,4433.55,4412.8,4434.74,4339.59,306951075,278717818368.0,2.15,-0.49,-21.64,1.28
2022-06-02,4426.08,4381.35,4426.74,4365.58,239430725,217825777408.0,1.39,-0.71,-31.45,1.0
2022-06-10,4375.63,4478.1,4483.45,4331.11,426189355,388441894912.0,3.48,2.21,96.75,1.78
2022-06-17,4440.75,4504.53,4657.9,4369.39,507958074,483902644224.0,6.44,0.59,26.43,2.12
2022-06-24,4493.46,4488.03,4517.6,4426.87,361529023,357867738624.0,2.01,-0.37,-16.5,1.51
2022-07-01,4494.89,4560.65,4585.94,4484.58,378167916,373160082944.0,2.26,1.62,72.62,1.58
2022-07-08,4554.23,4490.32,4598.61,4468.04,329603655,330418642944.0,2.86,-1.54,-70.33,1.38
2022-07-15,4475.77,4236.51,4484.19,4236.51,372192830,352231910733.0,5.52,-5.65,-253.81,1.56
2022-07-22,4247.41,4260.06,4339.49,4234.93,260884557,244183233757.0,2.47,0.56,23.55,1.09
2022-07-29,4259.12,4227.71,4298.9,4220.94,220286244,206511625375.0,1.83,-0.76,-32.35,0.92
2022-08-05,4219.8,4137.03,4219.8,4061.75,256337957,230691239350.0,3.74,-2.14,-90.68,1.07
2022-08-12,4127.06,4199.99,4207.52,4093.11,209804481,195461574906.0,2.77,1.52,62.96,0.88
2022-08-19,4186.21,4193.7,4216.26,4156.8,242999584,225594540666.0,1.42,-0.15,-6.29,1.02
2022-08-26,4183.39,4208.96,4233.98,4154.29,264880705,253521788198.0,1.9,0.36,15.26,1.11
2022-09-02,4174.48,4214.54,4269.01,4154.79,278611574,275032110742.0,2.71,0.13,5.58,1.17
2022-09-09,4212.09,4333.12,4342.08,4190.98,268951127,255748958021.0,3.59,2.81,118.58,1.12
2022-09-16,4336.23,4193.34,4361.85,4193.34,248903963,235741494158.0,3.89,-3.23,-139.78,1.04
2022-09-23,4189.0,4148.1,4208.37,4122.93,233577545,202345559276.0,2.04,-1.08,-45.24,0.98
2022-09-30,4124.2,4052.3,4154.8,4005.24,233205062,199252458652.0,3.61,-2.31,-95.8,0.98
2022-10-14,4051.59,4063.96,4083.26,3987.26,277213518,231459483340.0,2.37,0.29,11.66,1.16
2022-10-21,4046.89,3981.1,4088.09,3967.78,234008705,201889724293.0,2.96,-2.04,-82.86,0.98
2022-10-28,3979.47,3784.25,3999.41,3777.97,296274782,245655092749.0,5.56,-4.94,-196.85,1.24
2022-11-04,3755.13,3865.37,3880.68,3699.0,353937869,281328431820.0,4.8,2.14,81.12,1.48
2022-11-11,3851.62,3995.08,4026.83,3826.2,284213961,239794494714.0,5.19,3.36,129.71,1.19
2022-11-18,4049.92,4023.01,4100.25,4019.03,329930762,302775273364.0,2.03,0.7,27.93,1.38
2022-11-25,3999.35,4163.68,4174.75,3958.83,389242010,298111702528.0,5.37,3.5,140.67,1.63
2022-12-02,4096.46,4205.7,4309.43,4048.64,465308105,407990087459.0,6.26,1.01,42.02,1.95
2022-12-09,4250.65,4344.44,4360.52,4250.65,455246111,390120889514.0,2.61,3.3,138.74,1.9
2022-12-16,4320.14,4272.24,4320.5,4214.81,274127245,244162939114.0,2.43,-1.66,-72.2,1.15
2022-12-23,4267.66,4130.25,4286.07,4110.09,219039026,187640075677.0,4.12,-3.32,-141.99,0.92
2022-12-30,4129.55,4174.25,4196.01,4101.38,213855381,185306487416.0,2.29,1.07,44.0,0.89
2023-01-06,4163.07,4279.7,4294.78,4124.49,247954894,223959075235.0,4.08,2.53,105.45,1.04
2023-01-13,4293.28,4351.9,4351.9,4258.08,264108979,247582564131.0,2.19,1.69,72.2,1.1
2023-01-20,4356.95,4429.81,4430.48,4340.93,306610836,280323444203.0,2.06,1.79,77.91,1.28
2023-02-03,4494.92,4345.15,4496.17,4318.11,351120798,324573153016.0,4.02,-1.91,-84.66,1.47
2023-02-10,4313.19,4329.82,4342.57,4280.22,239818836,216447286485.0,1.43,-0.35,-15.33,1.0
2023-02-17,4321.13,4271.4,4377.52,4270.16,323922781,279630792297.0,2.48,-1.35,-58.42,1.35
2023-02-24,4287.96,4353.24,4436.97,4287.96,342029142,307531734682.0,3.49,1.92,81.84,1.43
2023-03-03,4334.44,4502.54,4507.07,4313.68,392161906,326068662911.0,4.44,3.43,149.3,1.64
2023-03-10,4505.21,4301.8,4512.99,4301.32,457453920,380734213514.0,4.7,-4.46,-200.74,1.91
2023-03-17,4304.26,4384.81,4435.04,4303.89,460620886,387545353149.0,3.05,1.93,83.01,1.93
2023-03-24,4389.05,4359.73,4436.51,4323.45,457735919,386028476353.0,2.58,-0.57,-25.08,1.91
2023-03-31,4353.1,4337.26,4362.0,4267.34,392799440,347048988452.0,2.17,-0.52,-22.47,1.64
2023-04-07,4337.98,4416.9,4423.07,4335.52,325612103,290211363112.0,2.02,1.84,79.64,1.36
2023-04-14,4419.43,4476.72,4496.31,4408.66,394653192,350670268077.0,1.98,1.35,59.82,1.65
2023-04-21,4471.84,4498.9,4627.93,4465.99,480650618,453539363855.0,3.62,0.5,22.18,2.01
2023-04-28,4505.7,4562.36,4565.13,4407.77,442299783,418451042524.0,3.5,1.41,63.46,1.85
2023-05-05,4512.11,4660.64,4720.18,4481.39,275007229,253302975455.0,5.23,2.15,98.28,1.15
2023-05-12,4667.5,4561.45,4874.54,4559.35,681105075,609136405285.0,6.76,-2.13,-99.19,2.85
2023-05-19,4560.92,4520.25,4644.72,4497.26,406736933,361456611526.0,3.23,-0.9,-41.2,1.7
2023-05-26,4513.71,4371.25,4560.64,4304.06,346481863,296213815869.0,5.68,-3.3,-149.0,1.45
2023-06-02,4380.16,4414.81,4418.09,4338.36,350391982,313282738553.0,1.82,1.0,43.56,1.47
2023-06-09,4411.31,4489.87,4496.17,4393.24,323216871,284285901197.0,2.33,1.7,75.06,1.35
2023-06-16,4479.4,4460.97,4485.58,4408.35,323181614,300351892488.0,1.72,-0.64,-28.9,1.35
2023-06-21,4448.24,4323.44,4448.24,4323.44,186952983,168514903434.0,2.8,-3.08,-137.53,0.78
2023-06-30,4295.24,4326.61,4344.24,4242.76,285087753,240991602053.0,2.35,0.07,3.17,1.19
2023-07-07,4334.98,4348.27,4412.25,4327.02,270968983,236170837971.0,1.97,0.5,21.66,1.13
2023-07-14,4365.71,4410.23,4424.23,4328.7,275374409,245014551785.0,2.2,1.42,61.96,1.15
2023-07-21,4381.49,4312.48,4381.49,4301.25,239672591,209761286878.0,1.82,-2.22,-97.75,1.0
2023-07-28,4297.58,4579.12,4589.77,4281.39,356997991,370994147784.0,7.15,6.18,266.64,1.49
2023-08-04,4609.79,4601.89,4674.13,4505.61,432751595,455613856196.0,3.68,0.5,22.77,1.81
2023-08-11,4573.73,4441.27,4581.77,4441.27,298942931,308704009675.0,3.05,-3.49,-160.62,1.25
2023-08-18,4390.51,4378.25,4458.85,4364.89,285625088,274068488596.0,2.12,-1.42,-63.02,1.19
2023-08-25,4372.01,4314.05,4379.81,4274.91,310314507,282741480691.0,2.4,-1.47,-64.2,1.3
2023-09-01,4549.08,4379.32,4549.25,4317.18,411206447,395049701265.0,5.38,1.51,65.27,1.72
2023-09-08,4400.82,4377.8,4474.98,4357.93,288876072,268193879797.0,2.67,-0.03,-1.52,1.21
2023-09-15,4385.76,4368.29,4428.31,4355.56,280736696,248505859130.0,1.66,-0.22,-9.51,1.17
2023-09-22,4360.36,4422.0,4422.75,4336.87,255455270,222871316417.0,1.97,1.23,53.71,1.07
2023-09-28,4415.26,4345.98,4415.26,4341.25,191251053,165946078413.0,1.67,-1.72,-76.02,0.8
2023-10-13,4325.38,4315.47,4359.16,4274.75,290476405,233468866850.0,1.94,-0.7,-30.51,1.21
2023-10-20,4316.27,4185.6,4332.55,4178.61,271473107,223719812643.0,3.57,-3.01,-129.87,1.14
2023-10-27,4169.32,4179.02,4194.93,4115.03,300409806,245930341751.0,1.91,-0.16,-6.58,1.26
2023-11-03,4160.89,4140.66,4167.19,4112.85,305201399,240943794664.0,1.3,-0.92,-38.36,1.28
2023-11-10,4166.47,4107.71,4177.1,4093.37,308419979,269945079490.0,2.02,-0.8,-32.95,1.29
2023-11-17,4111.79,4103.62,4151.75,4080.47,245683407,217094671703.0,1.74,-0.1,-4.09,1.03
2023-11-24,4107.47,4105.2,4153.79,4083.23,233275509,195801557641.0,1.72,0.04,1.58,0.98
2023-12-01,4104.05,4036.47,4104.05,4006.88,271288982,226064254604.0,2.37,-1.67,-68.73,1.13
2023-12-08,4035.34,3939.07,4049.33,3907.69,275027159,220854339275.0,3.51,-2.41,-97.4,1.15
2023-12-15,3924.04,3910.1,3991.22,3878.65,263210931,228548577854.0,2.86,-0.74,-28.97,1.1
2023-12-22,3898.48,3922.28,3941.46,3865.12,241825040,212566530322.0,1.95,0.31,12.18,1.01
2023-12-29,3916.09,4003.08,4003.08,3893.28,253394535,225211041123.0,2.8,2.06,80.8,1.06
2024-01-05,3993.05,4004.45,4047.8,3959.15,255318880,221387738808.0,2.21,0.03,1.37,1.07
2024-01-12,3998.82,3959.33,4017.28,3929.41,282254544,244006539998.0,2.19,-1.13,-45.12,1.18
2024-01-19,3948.42,3978.37,4018.61,3870.09,338310880,288551290254.0,3.75,0.48,19.04,1.41
2024-01-26,3971.61,4195.17,4205.83,3899.19,470680864,399902032650.0,7.71,5.45,216.8,1.97
2024-02-02,4204.98,4127.57,4267.36,4037.25,487049928,409601001611.0,5.49,-1.61,-67.6,2.04
2024-02-08,4113.34,4251.38,4253.44,4078.65,478402429,403508480774.0,4.23,3.0,123.81,2.0
2024-02-23,4266.32,4453.49,4498.31,4236.74,460386394,430936218300.0,6.15,4.75,202.11,1.93
2024-03-01,4444.53,4417.65,4456.12,4350.89,399361685,382396554921.0,2.36,-0.8,-35.84,1.67
2024-03-08,4413.54,4469.04,4490.76,4396.48,366153407,367916115179.0,2.13,1.16,51.39,1.53
2024-03-15,4464.32,4374.43,4478.69,4341.53,386311368,408362119219.0,3.07,-2.12,-94.61,1.62
2024-03-22,4370.44,4342.81,4402.6,4311.92,329141845,342414293147.0,2.07,-0.72,-31.62,1.38
2024-03-29,4326.9,4380.14,4399.0,4323.26,349926754,337410113843.0,1.74,0.86,37.33,1.46
2024-04-03,4388.0,4421.5,4448.83,4387.95,224128139,213089987643.0,1.39,0.94,41.36,0.94
2024-04-12,4405.09,4328.39,4447.63,4320.48,343237887,325208380394.0,2.88,-2.11,-93.11,1.44
2024-04-19,4325.02,4513.39,4566.56,4325.02,505892235,466817831600.0,5.58,4.27,185.0,2.12
2024-04-26,4512.51,4485.64,4545.99,4405.49,401192539,386271344847.0,3.11,-0.61,-27.75,1.68
2024-04-30,4476.98,4499.03,4529.54,4456.54,228667689,224248590589.0,1.63,0.3,13.39,0.96
2024-05-10,4550.29,4591.49,4599.7,4513.47,432698016,420149855478.0,1.92,2.06,92.46,1.81
2024-05-17,4576.64,4654.65,4654.65,4547.11,408409872,411862900819.0,2.34,1.38,63.16,1.71
2024-05-24,4654.76,4591.69,4699.68,4588.93,407847135,410757352618.0,2.38,-1.35,-62.96,1.71
2024-05-31,4600.76,4563.28,4667.33,4563.28,332932927,328698129841.0,2.27,-0.62,-28.41,1.39
2024-06-07,4558.38,4569.57,4593.01,4537.27,354900331,356682760666.0,1.22,0.14,6.29,1.48
2024-06-14,4558.62,4503.36,4576.22,4454.23,317184323,304465941507.0,2.67,-1.45,-66.21,1.33
2024-06-21,4483.67,4487.26,4518.33,4445.18,319787378,307402259018.0,1.62,-0.36,-16.1,1.34
2024-06-28,4475.46,4505.06,4522.72,4447.95,333231209,308350017000.0,1.67,0.4,17.8,1.39
2024-07-05,4500.96,4488.91,4582.06,4462.81,332231537,314898583390.0,2.65,-0.36,-16.15,1.39
2024-07-12,4470.3,4491.46,4515.48,4442.7,354273706,331087827069.0,1.62,0.06,2.55,1.48
2024-07-19,4478.34,4514.32,4523.67,4454.77,340333874,315244290538.0,1.53,0.51,22.86,1.42
2024-07-26,4506.51,4382.19,4508.52,4352.59,361178162,318627675564.0,3.45,-2.93,-132.13,1.51
2024-08-02,4378.76,4378.81,4448.69,4355.24,351570207,310540735216.0,2.13,-0.08,-3.38,1.47
2024-08-09,4358.64,4301.91,4394.53,4270.91,293794465,265008041431.0,2.82,-1.76,-76.9,1.23
2024-08-16,4297.23,4382.57,4393.53,4284.89,251505681,218529138184.0,2.53,1.87,80.66,1.05
2024-08-23,4383.13,4443.94,4453.72,4362.26,292541143,253255517651.0,2.09,1.4,61.37,1.22
2024-08-30,4447.43,4327.11,4453.44,4311.85,366273822,313256544698.0,3.19,-2.63,-116.83,1.53
2024-09-06,4310.88,4217.67,4337.72,4215.91,348804983,289617821589.0,2.82,-2.53,-109.44,1.46
2024-09-13,4198.16,4112.87,4198.16,4085.76,295652341,249144834014.0,2.66,-2.48,-104.8,1.24
2024-09-20,4114.56,4209.18,4219.39,4114.56,181049455,155946191617.0,2.55,2.34,96.31,0.76
2024-09-27,4205.17,4729.92,4780.65,4203.84,583286168,549066376995.0,13.7,12.37,520.74,2.44
2024-09-30,4857.86,5039.21,5078.63,4806.28,289425641,288499453818.0,5.76,6.54,309.29,1.21
2024-10-11,5495.06,4937.22,5495.06,4860.01,929150913,962281701893.0,12.6,-2.02,-101.99,3.89
2024-10-18,4987.81,4970.8,5091.76,4829.62,678831743,682752993359.0,5.31,0.68,33.58,2.84
2024-10-25,4979.46,4964.62,5035.38,4909.86,520976241,528907031803.0,2.53,-0.12,-6.18,2.18
2024-11-01,4956.11,4895.17,4997.49,4816.18,566742533,558670264878.0,3.65,-1.4,-69.45,2.37
2024-11-08,4904.48,5029.31,5138.54,4857.13,634509850,685055304817.0,5.75,2.74,134.14,2.65
2024-11-15,4980.61,4882.98,5036.62,4882.98,566904203,593354978305.0,3.05,-2.91,-146.33,2.37
2024-11-22,4919.58,4767.51,5027.23,4767.51,576274687,524309666089.0,5.32,-2.36,-115.47,2.41
2024-11-29,4780.04,4812.35,4860.14,4731.87,399028667,383380010935.0,2.69,0.94,44.84,1.67
2024-12-06,4806.47,4928.08,4947.66,4793.65,424562328,419292133425.0,3.2,2.4,115.73,1.78
2024-12-13,4919.26,4886.32,5059.39,4884.17,489424698,481829837857.0,3.56,-0.85,-41.76,2.05
2024-12-20,4884.49,4871.91,4966.91,4869.57,433525940,393892229970.0,1.99,-0.29,-14.41,1.81
2024-12-27,4874.18,5002.9,5049.57,4874.18,459019152,426215803267.0,3.6,2.69,130.99,1.92
2025-01-03,4995.37,4829.76,5074.07,4819.86,406158393,378138127285.0,5.08,-3.46,-173.14,1.7
2025-01-10,4838.09,4766.46,4891.36,4766.46,392698579,358764319630.0,2.59,-1.31,-63.3,1.64
2025-01-17,4739.16,4825.47,4855.0,4692.3,343941014,321834778323.0,3.41,1.24,59.01,1.44
2025-01-24,4845.62,4823.56,4862.76,4724.81,373412488,343653504357.0,2.86,-0.04,-1.91,1.56
2025-01-27,4836.4,4864.37,4883.7,4836.4,74244588,68851762208.0,0.98,0.85,40.81,0.31
2025-02-07,4874.57,4836.29,4874.88,4761.92,241613673,222162004235.0,2.32,-0.58,-28.08,1.01
2025-02-14,4837.8,4907.39,4909.63,4829.61,417014671,385274087575.0,1.65,1.47,71.1,1.74
2025-02-21,4917.07,4860.34,4946.15,4832.87,517385580,472437466688.0,2.31,-0.96,-47.05,2.16
2025-02-28,4853.65,4822.54,4893.2,4795.9,499514585,477073534271.0,2.0,-0.78,-37.8,2.09
2025-03-07,4833.24,4876.59,4894.37,4807.75,428438659,407000227869.0,1.8,1.12,54.05,1.79
2025-03-14,4872.95,4944.98,4961.69,4812.55,404213796,416822220686.0,3.06,1.4,68.39,1.69
2025-03-21,4951.7,4898.43,4987.07,4884.83,391481065,410490832793.0,2.07,-0.94,-46.55,1.64
2025-03-28,4899.2,4902.47,4949.65,4891.19,347771162,333789539433.0,1.19,0.08,4.04,1.45
2025-04-03,4900.79,4885.6,4942.47,4851.78,315765585,289199926067.0,1.85,-0.34,-16.87,1.32
2025-04-11,4697.08,4738.89,4759.69,4498.89,644158620,579732882480.0,5.34,-3.0,-146.71,2.69
2025-04-18,4753.36,4854.24,4866.15,4742.7,369847544,325893619554.0,2.61,2.43,115.35,1.55
2025-04-25,4845.18,4850.06,4874.3,4824.82,323298044,283883818571.0,1.02,-0.09,-4.18,1.35
2025-04-30,4847.47,4801.96,4878.85,4798.16,220075015,200771603960.0,1.66,-0.99,-48.1,0.92
2025-05-09,4819.51,4924.1,4929.73,4790.71,294915150,276982316923.0,2.9,2.54,122.14,1.23
2025-05-16,4935.96,4988.51,5067.94,4920.3,382158075,377859512768.0,3.0,1.31,64.41,1.6
2025-05-23,4987.23,4995.06,5065.75,4980.6,287516868,279256522424.0,1.71,0.13,6.55,1.2
2025-05-30,4990.04,4990.27,5010.86,4963.06,286743861,266027555443.0,0.96,-0.1,-4.79,1.2
2025-06-06,4985.46,5019.62,5034.96,4969.37,263579544,258230893970.0,1.31,0.59,29.35,1.1
2025-06-13,5025.95,5029.15,5071.17,5007.0,366145283,354715673071.0,1.28,0.19,9.53,1.53
2025-06-20,5025.04,5065.35,5079.05,5016.63,344457787,332030385444.0,1.24,0.72,36.2,1.44
2025-06-27,5054.84,5134.85,5238.41,5029.09,455951462,473284386052.0,4.13,1.37,69.5,1.91
2025-07-04,5113.9,5242.64,5276.26,5089.66,346222337,348525764094.0,3.63,2.1,107.79,1.45
2025-07-11,5238.4,5244.6,5341.01,5215.31,485380343,484797494336.0,2.4,0.04,1.96,2.03
2025-07-18,5248.02,5215.51,5297.78,5168.72,408347993,399536827231.0,2.46,-0.55,-29.09,1.71
2025-07-25,5230.8,5251.22,5334.32,5196.9,710272349,692839154559.0,2.63,0.68,35.71,2.97
2025-08-01,5248.33,5159.43,5296.26,5148.62,555505821,563601206483.0,2.81,-1.75,-91.79,2.32
2025-08-08,5144.26,5247.41,5270.71,5143.83,404589960,392092527803.0,2.46,1.71,87.98,1.69
2025-08-15,5252.0,5229.49,5280.67,5189.59,502330262,529720874175.0,1.74,-0.34,-17.92,2.1
2025-08-22,5243.51,5329.5,5329.98,5189.86,595929973,639332345845.0,2.68,1.91,100.01,2.49
2025-08-29,5341.87,5245.75,5382.37,5210.86,708697474,756922480956.0,3.22,-1.57,-83.75,2.96
2025-09-05,5257.93,5170.71,5262.63,5103.83,652696892,686520245958.0,3.03,-1.43,-75.04,2.73
2025-09-12,5167.76,5156.69,5228.83,5149.28,543353707,558353654846.0,1.54,-0.27,-14.02,2.27
2025-09-19,5153.43,5005.95,5168.99,4972.43,602914815,628167779999.0,3.81,-2.92,-150.74,2.52
2025-09-26,5010.18,4990.79,5025.84,4949.93,487131550,509935403300.0,1.52,-0.3,-15.16,2.04
2025-09-30,4988.25,5004.26,5079.66,4960.28,245796962,291679387550.0,2.39,0.27,13.47,1.03
2025-10-10,5002.15,5067.22,5107.44,4983.48,316073968,336189283070.0,2.48,1.26,62.96,1.32
2025-10-17,4990.89,5140.0,5224.48,4990.64,677208969,742199641554.0,4.61,1.44,72.78,2.83
2025-10-24,5161.09,5210.86,5234.15,5108.97,517242170,551993023189.0,2.44,1.38,70.86,2.16
2025-10-31,5215.0,5179.32,5268.8,5174.11,604251418,677664681883.0,1.82,-0.61,-31.54,2.53
2025-11-07,5187.1,5308.77,5324.17,5176.35,516912950,600080356890.0,2.85,2.5,129.45,2.16
2025-11-14,5306.75,5337.79,5394.68,5290.64,489464304,574179935718.0,1.96,0.55,29.02,2.05
2025-11-21,5329.78,5206.53,5358.74,5204.13,488703996,519762264373.0,2.9,-2.46,-131.26,2.04
2025-11-28,5217.81,5209.73,5253.0,5176.27,384324045,405205321660.0,1.47,0.06,3.2,1.61
2025-12-05,5208.83,5279.15,5290.53,5207.37,434503007,432614897580.0,1.6,1.33,69.42,1.82
2025-12-12,5293.63,5231.04,5314.85,5189.37,479002098,506126794771.0,2.38,-0.91,-48.11,2.0
2025-12-19,5210.81,5302.18,5323.5,5206.31,412528128,450600693212.0,2.24,1.36,71.14,1.73
2025-12-26,5305.06,5319.2,5335.28,5276.5,355763699,398769642594.0,1.11,0.32,17.02,1.49
2025-12-31,5316.5,5318.45,5346.12,5290.31,265303725,289142109668.0,1.05,-0.01,-0.75,1.11
2026-01-09,5344.77,5370.9,5474.83,5331.0,622440961,725215195699.0,2.7,0.99,52.45,2.6
2026-01-16,5374.89,5252.05,5422.47,5232.45,721704113,840434533451.0,3.54,-2.21,-118.85,3.02
2026-01-23,5238.13,5197.09,5327.12,5180.8,695555185,788901085067.0,2.79,-1.05,-54.96,2.91
2026-01-30,5204.89,5272.74,5344.89,5198.22,930640296,1042032596412.0,2.82,1.46,75.65,3.89
2026-02-06,5240.46,5277.12,5315.36,5152.44,643573699,711070468467.0,3.09,0.08,4.38,2.69
2026-02-13,5294.36,5222.39,5330.56,5219.48,427757200,470123839575.0,2.1,-1.04,-54.73,1.79
2026-02-27,5269.81,5255.88,5323.23,5230.36,482568109,511010340023.0,1.78,0.64,33.49,2.02
2026-03-06,5254.42,5314.34,5384.09,5220.6,825569044,921652628710.0,3.11,1.11,58.46,3.45
2026-03-13,5306.48,5336.44,5383.04,5246.47,844285887,827444129792.0,2.57,0.42,22.1,3.53
2026-03-20,5335.11,5206.72,5364.25,5203.11,699895422,685012490482.0,3.02,-2.43,-129.72,2.93
2026-03-27,5159.37,5109.71,5162.3,5029.55,628318763,626295747156.0,2.55,-1.86,-97.01,2.63
