date,value
20140418,1.0039
20140421,1.0040
20140422,1.0059
20140423,1.0079
20140424,1.0088
20140425,1.0089
20140428,1.0031
20140429,1.0060
20140430,1.0070
20140505,1.0080
20140506,1.0109
20140507,1.0060
20140508,1.0080
20140509,1.0081
20140512,1.0090
20140513,1.0129
20140514,1.0148
20140515,1.0129
20140516,1.0090
20140519,1.0100
20140520,1.0110
20140521,1.0060
20140522,1.0108
20140523,1.0119
20140526,1.0190
20140527,1.0212
20140528,1.0304
20140529,1.0283
20140530,1.0375
20140603,1.0373
20140604,1.0383
20140605,1.0413
20140606,1.0515
20140609,1.0525
20140610,1.0494
20140611,1.0506
20140612,1.0475
20140613,1.0394
20140616,1.0404
20140617,1.0435
20140618,1.0414
20140619,1.0544
20140620,1.0554
20140623,1.0555
20140624,1.0556
20140625,1.0517
20140626,1.0588
20140627,1.0619
20140630,1.0628
20140701,1.0649
20140702,1.0720
20140703,1.0731
20140704,1.0833
20140707,1.0854
20140708,1.0813
20140709,1.0701
20140710,1.0741
20140711,1.0670
20140714,1.0712
20140715,1.0773
20140716,1.0743
20140717,1.0773
20140718,1.0683
20140721,1.0783
20140722,1.0773
20140723,1.0804
20140724,1.0845
20140725,1.0825
20140728,1.0804
20140729,1.0805
20140730,1.0785
20140731,1.0796
20140801,1.0604
20140804,1.0605
20140805,1.0626
20140806,1.0584
20140807,1.0585
20140808,1.0544
20140811,1.0606
20140812,1.0627
20140813,1.0606
20140814,1.0668
20140815,1.0709
20140818,1.0710
20140819,1.0821
20140820,1.0881
20140821,1.0871
20140822,1.0911
20140825,1.0901
20140826,1.0992
20140827,1.0993
20140828,1.0962
20140829,1.0922
20140901,1.0982
20140902,1.1043
20140903,1.1044
20140904,1.0953
20140905,1.0943
20140909,1.0984
20140910,1.0913
20140911,1.0914
20140912,1.0944
20140915,1.0894
20140916,1.0803
20140917,1.0914
20140918,1.0944
20140919,1.1054
20140922,1.0994
20140923,1.0914
20140924,1.0843
20140925,1.0934
20140926,1.0743
20140929,1.0744
20140930,1.0745
20141008,1.0515
20141009,1.0516
20141010,1.0517
20141013,1.0518
20141014,1.0519
20141015,1.0520
20141016,1.0520
20141017,1.0521
20141020,1.0522
20141021,1.0523
20141022,1.0524
20141023,1.0525
20141024,1.0525
20141027,1.0526
20141028,1.0506
20141029,1.0566
20141030,1.0557
20141031,1.0673
20141103,1.0752
20141104,1.0762
20141105,1.0742
20141106,1.0761
20141107,1.0840
20141110,1.0820
20141111,1.0859
20141112,1.0820
20141113,1.0830
20141114,1.0831
20141117,1.0832
20141118,1.0851
20141119,1.0949
20141120,1.0870
20141121,1.0920
20141124,1.0871
20141125,1.0969
20141126,1.0998
20141127,1.1047
20141128,1.1048
20141201,1.1009
20141202,1.0911
20141203,1.1000
20141204,1.1029
20141205,1.0990
20141208,1.1019
20141209,1.0901
20141210,1.1000
20141211,1.0794
20141212,1.0756
20141215,1.0677
20141216,1.0658
20141217,1.0579
20141218,1.0580
20141219,1.0888
20141222,1.0859
20141223,1.0907
20141224,1.0908
20141225,1.0889
20141226,1.0890
20141229,1.0957
20141230,1.0928
20141231,1.0880
20150105,1.0715
20150106,1.0562
20150107,1.0534
20150108,1.0534
20150109,1.0686
20150112,1.0601
20150113,1.0468
20150114,1.0449
20150115,1.0450
20150116,1.0451
20150119,1.0452
20150120,1.0453
20150121,1.0454
20150122,1.0454
20150123,1.0613
20150126,1.0549
20150127,1.0567
20150128,1.0417
20150129,1.0353
20150130,1.0353
20150202,1.0354
20150203,1.0355
20150204,1.0356
20150205,1.0310
20150206,1.0311
20150209,1.0273
20150210,1.0246
20150211,1.0310
20150212,1.0338
20150213,1.0503
20150216,1.0568
20150217,1.0577
20150225,1.0677
20150226,1.0650
20150227,1.0668
20150302,1.0669
20150303,1.0798
20150304,1.0770
20150305,1.0706
20150306,1.0761
20150309,1.0651
20150310,1.0652
20150311,1.0469
20150312,1.0487
20150313,1.0533
20150316,1.0496
20150317,1.0597
20150318,1.0579
20150319,1.0698
20150320,1.0670
20150323,1.0725
20150324,1.0698
20150325,1.0652
20150326,1.0506
20150327,1.0506
20150330,1.0470
20150331,1.0488
20150401,1.0388
20150402,1.0370
20150403,1.0379
20150407,1.0397
20150408,1.0370
20150409,1.0388
20150410,1.0425
20150413,1.0426
20150414,1.0398
20150415,1.0417
20150416,1.0462
20150417,1.0489
20150420,1.0362
20150421,1.0363
20150422,1.0364
20150423,1.0400
20150424,1.0499
20150427,1.0571
20150428,1.0517
20150429,1.0526
20150430,1.0481
20150504,1.0463
20150505,1.0490
20150506,1.0355
20150507,1.0356
20150508,1.0410
20150511,1.0464
20150512,1.0455
20150513,1.0428
20150514,1.0429
20150515,1.0465
20150518,1.0447
20150519,1.0474
20150520,1.0447
20150521,1.0456
20150522,1.0518
20150525,1.0509
20150526,1.0492
20150527,1.0429
20150528,1.0536
20150529,1.0528
20150601,1.0465
20150602,1.0483
20150603,1.0420
20150604,1.0438
20150605,1.0420
20150608,1.0411
20150609,1.0340
20150610,1.0341
20150611,1.0412
20150612,1.0421
20150615,1.0350
20150616,1.0332
20150617,1.0314
20150618,1.0315
20150619,1.0316
20150623,1.0431
20150624,1.0431
20150625,1.0369
20150626,1.0352
20150629,1.0299
20150630,1.0166
20150701,1.0167
20150702,1.0167
20150703,1.0168
20150706,1.0169
20150707,1.0170
20150708,1.0171
20150709,1.0171
20150710,1.0172
20150713,1.0173
20150714,1.0174
20150715,1.0209
20150716,1.0113
20150717,1.0165
20150720,1.0294
20150721,1.0381
20150722,1.0286
20150723,1.0321
20150724,1.0278
20150727,1.0096
20150728,1.0062
20150729,1.0164
20150730,1.0276
20150731,1.0301
20150803,1.0310
20150804,1.0216
20150805,1.0191
20150806,1.0276
20150807,1.0148
20150810,1.0140
20150811,1.0534
20150812,1.0416
20150813,1.0519
20150814,1.0536
20150817,1.0614
20150818,1.0708
20150819,1.0631
20150820,1.0503
20150821,1.0228
20150824,0.9557
20150825,0.9558
20150826,0.9559
20150827,0.9560
20150828,0.9560
20150831,0.9528
20150901,0.9529
20150902,0.9530
20150907,0.9530
20150908,0.9531
20150909,0.9532
20150910,0.9533
20150911,0.9533
20150914,0.9534
20150915,0.9535
20150916,0.9536
20150917,0.9552
20150918,0.9535
20150921,0.9471
20150922,0.9472
20150923,0.9472
20150924,0.9473
20150925,0.9474
20150928,0.9475
20150929,0.9476
20150930,0.9476
20151008,0.9477
20151009,0.9478
20151012,0.9494
20151013,0.9486
20151014,0.9461
20151015,0.9462
20151016,0.9463
20151019,0.9487
20151020,0.9535
20151021,0.9503
20151022,0.9479
20151023,0.9704
20151026,0.9800
20151027,0.9776
20151028,0.9816
20151029,0.9881
20151030,0.9912
20151102,0.9825
20151103,0.9961
20151104,0.9985
20151105,0.9977
20151106,0.9953
20151109,1.0001
20151110,0.9888
20151111,0.9873
20151112,0.9873
20151113,0.9761
20151116,0.9609
20151117,0.9809
20151118,0.9785
20151119,0.9993
20151120,0.9994
20151123,1.0018
20151124,1.0010
20151125,0.9986
20151126,1.0002
20151127,1.0010
20151130,1.0035
20151201,1.0011
20151202,1.0131
20151203,1.0050
20151204,0.9897
20151207,1.0090
20151208,1.0049
20151209,1.0033
20151210,0.9945
20151211,0.9978
20151214,0.9825
20151215,0.9881
20151216,0.9961
20151217,1.0105
20151218,0.9961
20151221,0.9889
20151222,0.9913
20151223,0.9945
20151224,1.0026
20151225,1.0011
20151228,0.9979
20151229,1.0003
20151230,1.0115
20151231,1.0146
20160104,1.0059
20160105,0.9914
20160106,0.9954
20160107,0.9842
20160108,0.9843
20160111,0.9843
20160112,0.9844
20160113,0.9845
20160114,0.9846
20160115,0.9847
20160118,0.9847
20160119,0.9848
20160120,0.9849
20160121,0.9850
20160122,0.9850
20160125,0.9851
20160126,0.9852
20160127,0.9853
20160128,0.9854
20160129,0.9854
20160201,0.9855
20160202,0.9856
20160203,0.9857
20160204,0.9857
20160205,0.9858
20160215,0.9859
20160216,0.9860
20160217,0.9861
20160218,0.9861
20160219,0.9862
20160222,0.9863
20160223,0.9864
20160224,0.9865
20160225,0.9865
20160226,0.9866
20160229,0.9867
20160301,0.9868
20160302,0.9868
20160303,0.9860
20160304,0.9868
20160307,0.9893
20160308,0.9860
20160309,0.9828
20160310,0.9828
20160311,0.9829
20160314,0.9895
20160315,0.9879
20160316,0.9879
20160317,0.9896
20160318,0.9904
20160321,0.9928
20160322,0.9912
20160323,0.9969
20160324,0.9880
20160325,0.9904
20160328,0.9905
20160329,0.9880
20160330,0.9987
20160331,0.9987
20160401,0.9947
20160405,0.9996
20160406,0.9987
20160407,1.0077
20160408,0.9996
20160411,1.0012
20160412,0.9955
20160413,1.0004
20160414,1.0102
20160415,1.0118
20160418,1.0094
20160419,1.0143
20160420,1.0119
20160421,1.0168
20160422,1.0143
20160425,1.0086
20160426,1.0110
20160427,1.0077
20160428,1.0093
20160429,0.9979
20160503,1.0003
20160504,0.9914
20160505,0.9890
20160506,0.9890
20160509,0.9987
20160510,0.9971
20160511,1.0011
20160512,0.9938
20160513,0.9873
20160516,0.9850
20160517,0.9873
20160518,0.9785
20160519,0.9786
20160520,0.9778
20160523,0.9801
20160524,0.9786
20160525,0.9849
20160526,0.9889
20160527,0.9929
20160530,1.0071
20160531,1.0095
20160601,1.0087
20160602,1.0064
20160603,1.0048
20160606,0.9984
20160607,1.0016
20160608,1.0017
20160613,0.9890
20160614,0.9898
20160615,0.9953
20160616,0.9938
20160617,0.9953
20160620,1.0009
20160621,0.9977
20160622,0.9937
20160623,0.9961
20160624,0.9866
20160627,0.9866
20160628,0.9851
20160629,0.9882
20160630,0.9968
20160701,1.0048
20160704,1.0025
20160705,1.0017
20160706,1.0009
20160707,1.0113
20160708,1.0120
20160711,1.0295
20160712,1.0382
20160713,1.0429
20160714,1.0413
20160715,1.0524
20160718,1.0485
20160719,1.0603
20160720,1.0572
20160721,1.0737
20160722,1.0650
20160725,1.0752
20160726,1.0768
20160727,1.0753
20160728,1.0731
20160729,1.0911
20160801,1.0889
20160802,1.0960
20160803,1.0786
20160804,1.0763
20160805,1.0804
20160808,1.0931
20160809,1.0947
20160810,1.0948
20160811,1.0908
20160812,1.0901
20160815,1.0909
20160816,1.0893
20160817,1.0814
20160818,1.0822
20160819,1.0829
20160822,1.0837
20160823,1.0885
20160824,1.0917
20160825,1.0869
20160826,1.0893
20160829,1.0861
20160830,1.0956
20160831,1.0957
20160901,1.0942
20160902,1.0949
20160905,1.1044
20160906,1.1161
20160907,1.1217
20160908,1.1193
20160909,1.1170
20160912,1.0836
20160913,1.0972
20160914,1.0915
20160919,1.1077
20160920,1.1044
20160921,1.1114
20160922,1.1258
20160923,1.1451
20160926,1.1284
20160927,1.1196
20160928,1.1212
20160929,1.1173
20160930,1.1163
20161010,1.1266
20161011,1.1402
20161012,1.1385
20161013,1.1484
20161014,1.1538
20161017,1.1411
20161018,1.1418
20161019,1.1459
20161020,1.1500
20161021,1.1491
20161024,1.1532
20161025,1.1621
20161026,1.1580
20161027,1.1517
20161028,1.1477
20161031,1.1492
20161101,1.1524
20161102,1.1427
20161103,1.1331
20161104,1.1293
20161107,1.1361
20161108,1.1399
20161109,1.1068
20161110,1.1189
20161111,1.1102
20161114,1.1094
20161115,1.1061
20161116,1.1208
20161117,1.1261
20161118,1.1362
20161121,1.1322
20161122,1.1499
20161123,1.1557
20161124,1.1811
20161125,1.1991
20161128,1.1928
20161129,1.1783
20161130,1.1845
20161201,1.1843
20161202,1.1779
20161205,1.1975
20161206,1.2178
20161207,1.2332
20161208,1.2353
20161209,1.2165
20161212,1.2330
20161213,1.2584
20161214,1.2535
20161215,1.2379
20161216,1.2572
20161219,1.2670
20161220,1.2745
20161221,1.3132
20161222,1.3075
20161223,1.2838
20161226,1.2970
20161227,1.2621
20161228,1.2100
20161229,1.1811
20161230,1.1778
20170103,1.1730
20170104,1.1762
20170105,1.1763
20170106,1.1764
20170109,1.1813
20170110,1.1829
20170111,1.1861
20170112,1.1862
20170113,1.1846
20170116,1.1879
20170117,1.1846
20170118,1.1830
20170119,1.1846
20170120,1.1847
20170123,1.1831
20170124,1.1847
20170125,1.1896
20170126,1.1992
20170203,1.1960
20170206,1.1976
20170207,1.1977
20170208,1.2025
20170209,1.2041
20170210,1.2105
20170213,1.2106
20170214,1.2107
20170215,1.2154
20170216,1.2185
20170217,1.2154
20170220,1.2170
20170221,1.2186
20170222,1.2264
20170223,1.2265
20170224,1.2234
20170227,1.2203
20170228,1.2234
20170301,1.2203
20170302,1.2344
20170303,1.2336
20170306,1.2642
20170307,1.2375
20170308,1.2207
20170309,1.2054
20170310,1.2100
20170313,1.2199
20170314,1.2297
20170315,1.2191
20170316,1.2328
20170317,1.2305
20170320,1.2290
20170321,1.2335
20170322,1.1910
20170323,1.1925
20170324,1.1796
20170327,1.1659
20170328,1.1734
20170329,1.1885
20170330,1.1862
20170331,1.2007
20170405,1.1924
20170406,1.1810
20170407,1.1773
20170410,1.1795
20170411,1.1772
20170412,1.1749
20170413,1.1689
20170414,1.1576
20170417,1.1577
20170418,1.1578
20170419,1.1481
20170420,1.1482
20170421,1.1541
20170424,1.1585
20170425,1.1719
20170426,1.1808
20170427,1.1666
20170428,1.1755
20170502,1.1805
20170503,1.1798
20170504,1.1776
20170505,1.1732
20170508,1.1847
20170509,1.1839
20170510,1.1816
20170511,1.1817
20170512,1.1722
20170515,1.1751
20170516,1.1793
20170517,1.1765
20170518,1.1637
20170519,1.1680
20170522,1.1723
20170523,1.1780
20170524,1.1781
20170525,1.1810
20170526,1.1895
20170531,1.1881
20170601,1.1824
20170602,1.1909
20170605,1.1966
20170606,1.1938
20170607,1.1895
20170608,1.1924
20170609,1.1938
20170612,1.1853
20170613,1.1811
20170614,1.1812
20170615,1.1713
20170616,1.1727
20170619,1.1728
20170620,1.1814
20170621,1.1697
20170622,1.1740
20170623,1.1740
20170626,1.1783
20170627,1.1755
20170628,1.1641
20170629,1.1642
20170630,1.1543
20170703,1.1544
20170704,1.1545
20170705,1.1546
20170706,1.1547
20170707,1.1548
20170710,1.1548
20170711,1.1549
20170712,1.1550
20170713,1.1551
20170714,1.1537
20170717,1.1579
20170718,1.1593
20170719,1.1635
20170720,1.1693
20170721,1.1664
20170724,1.1649
20170725,1.1663
20170726,1.1671
20170727,1.1697
20170728,1.1600
20170731,1.1586
20170801,1.1587
20170802,1.1643
20170803,1.1579
20170804,1.1551
20170807,1.1579
20170808,1.1593
20170809,1.1521
20170810,1.1478
20170811,1.1479
20170814,1.1480
20170815,1.1481
20170816,1.1453
20170817,1.1454
20170818,1.1455
20170821,1.1456
20170822,1.1457
20170823,1.1458
20170824,1.1459
20170825,1.1460
20170828,1.1461
20170829,1.1461
20170830,1.1462
20170831,1.1463
20170901,1.1464
20170904,1.1423
20170905,1.1424
20170906,1.1424
20170907,1.1425
20170908,1.1426
20170911,1.1427
20170912,1.1428
20170913,1.1429
20170914,1.1430
20170915,1.1402
20170918,1.1403
20170919,1.1404
20170920,1.1405
20170921,1.1406
20170922,1.1378
20170925,1.1356
20170926,1.1357
20170927,1.1357
20170928,1.1395
20170929,1.1460
20171009,1.1603
20171010,1.1589
20171011,1.1647
20171012,1.1668
20171013,1.1610
20171016,1.1645
20171017,1.1687
20171018,1.1680
20171019,1.1686
20171020,1.1716
20171023,1.1752
20171024,1.1710
20171025,1.1753
20171026,1.1696
20171027,1.1746
20171030,1.1915
20171031,1.1908
20171101,1.1971
20171102,1.1944
20171103,1.1988
20171106,1.2024
20171107,1.2000
20171108,1.1999
20171109,1.2020
20171110,1.1969
20171113,1.1970
20171114,1.1991
20171115,1.1905
20171116,1.1870
20171117,1.1997
20171120,1.1955
20171121,1.1983
20171122,1.2047
20171123,1.2018
20171124,1.2026
20171127,1.2053
20171128,1.2074
20171129,1.2182
20171130,1.2093
20171201,1.2214
20171204,1.2434
20171205,1.2157
20171206,1.2028
20171207,1.2070
20171208,1.2177
20171211,1.2235
20171212,1.2298
20171213,1.2306
20171214,1.2333
20171215,1.2240
20171218,1.2396
20171219,1.2490
20171220,1.2446
20171221,1.2375
20171222,1.2417
20171225,1.2382
20171226,1.2383
20171227,1.2307
20171228,1.2242
20171229,1.2256
20180102,1.2206
20180103,1.2318
20180104,1.2340
20180105,1.2334
20180108,1.2433
20180109,1.2447
20180110,1.2497
20180111,1.2498
20180112,1.2634
20180115,1.2657
20180116,1.2643
20180117,1.2571
20180118,1.2671
20180119,1.2604
20180122,1.2600
20180123,1.2736
20180124,1.2791
20180125,1.2706
20180126,1.2692
20180129,1.2806
20180130,1.2685
20180131,1.2597
20180201,1.2598
20180202,1.2518
20180205,1.2161
20180206,1.2162
20180207,1.2163
20180208,1.2164
20180209,1.2165
20180212,1.2166
20180213,1.2167
20180214,1.2168
20180222,1.2169
20180223,1.2170
20180226,1.2278
20180227,1.2358
20180228,1.2220
20180301,1.2233
20180302,1.2140
20180305,1.2180
20180306,1.2261
20180307,1.2221
20180308,1.2261
20180309,1.2314
20180312,1.2447
20180313,1.2409
20180314,1.2330
20180315,1.2317
20180316,1.2330
20180319,1.2317
20180320,1.2212
20180321,1.2213
20180322,1.2199
20180323,1.1973
20180326,1.1974
20180327,1.1975
20180328,1.1976
20180329,1.1977
20180330,1.1978
20180402,1.1979
20180403,1.1980
20180404,1.1980
20180409,1.1981
20180410,1.1982
20180411,1.1983
20180412,1.1984
20180413,1.1985
20180416,1.1986
20180417,1.1987
20180418,1.1988
20180419,1.1989
20180420,1.1990
20180423,1.1991
20180424,1.1992
20180425,1.1993
20180426,1.1994
20180427,1.1995
20180502,1.1996
20180503,1.1997
20180504,1.1998
20180507,1.1999
20180508,1.2004
20180509,1.1991
20180510,1.2137
20180511,1.2194
20180514,1.2239
20180515,1.2188
20180516,1.2128
20180517,1.2196
20180518,1.2197
20180521,1.2343
20180522,1.2302
20180523,1.2216
20180524,1.2313
20180525,1.2321
20180528,1.2370
20180529,1.2332
20180530,1.2216
20180531,1.2356
20180601,1.2307
20180604,1.2509
20180605,1.2626
20180606,1.2624
20180607,1.2723
20180608,1.2616
20180611,1.2735
20180612,1.2800
20180613,1.2841
20180614,1.2756
20180615,1.2901
20180619,1.2684
20180620,1.2798
20180621,1.2993
20180622,1.2915
20180625,1.2917
20180626,1.2751
20180627,1.2658
20180628,1.2575
20180629,1.2835
20180702,1.2757
20180703,1.3055
20180704,1.2869
20180705,1.2930
20180706,1.3076
20180709,1.3347
20180710,1.3456
20180711,1.3342
20180712,1.3454
20180713,1.3511
20180716,1.3459
20180717,1.3356
20180718,1.3516
20180719,1.3589
20180720,1.3610
20180723,1.3560
20180724,1.3750
20180725,1.3776
20180726,1.3835
20180727,1.3933
20180730,1.3809
20180731,1.3545
20180801,1.3692
20180802,1.3696
20180803,1.4007
20180806,1.4266
20180807,1.4353
20180808,1.4135
20180809,1.3974
20180810,1.3956
20180813,1.3889
20180814,1.3956
20180815,1.4120
20180816,1.3889
20180817,1.4000
20180820,1.3961
20180821,1.3898
20180822,1.3877
20180823,1.3972
20180824,1.3956
20180827,1.4026
20180828,1.4153
20180829,1.4182
20180830,1.4317
20180831,1.4268
20180903,1.4237
20180904,1.4299
20180905,1.4203
20180906,1.4055
20180907,1.3974
20180910,1.4058
20180911,1.4120
20180912,1.4216
20180913,1.4136
20180914,1.4240
20180917,1.4213
20180918,1.4068
20180919,1.4159
20180920,1.4169
20180921,1.4301
20180925,1.4252
20180926,1.4330
20180927,1.4255
20180928,1.4362
20181008,1.4092
20181009,1.4115
20181010,1.4164
20181011,1.3359
20181012,1.3360
20181015,1.3361
20181016,1.3362
20181017,1.3363
20181018,1.3364
20181019,1.3365
20181022,1.3366
20181023,1.3367
20181024,1.3368
20181025,1.3369
20181026,1.3370
20181029,1.3372
20181030,1.3373
20181031,1.3374
20181101,1.3375
20181102,1.3376
20181105,1.3377
20181106,1.3378
20181107,1.3379
20181108,1.3380
20181109,1.3350
20181112,1.3351
20181113,1.3353
20181114,1.3354
20181115,1.3355
20181116,1.3356
20181119,1.3357
20181120,1.3358
20181121,1.3359
20181122,1.3360
20181123,1.3361
20181126,1.3362
20181127,1.3363
20181128,1.3364
20181129,1.3365
20181130,1.3366
20181203,1.3367
20181204,1.3256
20181205,1.3257
20181206,1.3258
20181207,1.3259
20181210,1.3260
20181211,1.3261
20181212,1.3262
20181213,1.3263
20181214,1.3264
20181217,1.3265
20181218,1.3266
20181219,1.3268
20181220,1.3269
20181221,1.3270
20181224,1.3271
20181225,1.3272
20181226,1.3273
20181227,1.3274
20181228,1.3275
20190102,1.3276
20190103,1.3277
20190104,1.3278
20190107,1.3279
20190108,1.3280
20190109,1.3281
20190110,1.3282
20190111,1.3283
20190114,1.3284
20190115,1.3285
20190116,1.3287
20190117,1.3288
20190118,1.3289
20190121,1.3290
20190122,1.3291
20190123,1.3292
20190124,1.3293
20190125,1.3294
20190128,1.3295
20190129,1.3296
20190130,1.3297
20190131,1.3298
20190201,1.3381
20190211,1.3447
20190212,1.3549
20190213,1.3703
20190214,1.3691
20190215,1.3589
20190218,1.3782
20190219,1.3796
20190220,1.3701
20190221,1.3725
20190222,1.3682
20190225,1.3709
20190226,1.3644
20190227,1.3650
20190228,1.3620
20190301,1.3753
20190304,1.3818
20190305,1.3729
20190306,1.3735
20190307,1.3624
20190308,1.3494
20190311,1.3573
20190312,1.3806
20190313,1.3798
20190314,1.3930
20190315,1.3952
20190318,1.4031
20190319,1.4076
20190320,1.4060
20190321,1.3997
20190322,1.4253
20190325,1.3889
20190326,1.3983
20190327,1.4080
20190328,1.3956
20190329,1.4058
20190401,1.4218
20190402,1.4285
20190403,1.4380
20190404,1.4381
20190408,1.4496
20190409,1.4478
20190410,1.4409
20190411,1.4481
20190412,1.4484
20190415,1.4521
20190416,1.4602
20190417,1.4592
20190418,1.4509
20190419,1.4562
20190422,1.4576
20190423,1.4655
20190424,1.4827
20190425,1.4882
20190426,1.4944
20190429,1.5095
20190430,1.5084
20190506,1.4755
20190507,1.4917
20190508,1.4645
20190509,1.4590
20190510,1.4612
20190513,1.4617
20190514,1.4379
20190515,1.4539
20190516,1.4593
20190517,1.4763
20190520,1.4722
20190521,1.4622
20190522,1.4624
20190523,1.4500
20190524,1.4433
20190527,1.4413
20190528,1.4437
20190529,1.4250
20190530,1.4251
20190531,1.4252
20190603,1.4253
20190604,1.4254
20190605,1.4255
20190606,1.4295
20190610,1.4468
20190611,1.4536
20190612,1.4443
20190613,1.4416
20190614,1.4488
20190617,1.4517
20190618,1.4542
20190619,1.4685
20190620,1.4792
20190621,1.4778
20190624,1.4807
20190625,1.4722
20190626,1.4573
20190627,1.4664
20190628,1.4635
20190701,1.4963
20190702,1.4891
20190703,1.4955
20190704,1.5058
20190705,1.5083
20190708,1.4963
20190709,1.4870
20190710,1.4975
20190711,1.5139
20190712,1.5158
20190715,1.5256
20190716,1.5267
20190717,1.5180
20190718,1.5015
20190719,1.5188
20190722,1.5068
20190723,1.5180
20190724,1.5246
20190725,1.5353
20190726,1.5289
20190729,1.5355
20190730,1.5342
20190731,1.5320
20190801,1.5126
20190802,1.5124
20190805,1.5036
20190806,1.4731
20190807,1.4832
20190808,1.4968
20190809,1.5156
20190812,1.5185
20190813,1.4933
20190814,1.5130
20190815,1.4812
20190816,1.4798
20190819,1.4932
20190820,1.5011
20190821,1.4917
20190822,1.5040
20190823,1.5098
20190826,1.4777
20190827,1.4950
20190828,1.4927
20190829,1.4945
20190830,1.5129
20190902,1.5108
20190903,1.5079
20190904,1.5166
20190905,1.5250
20190906,1.5377
20190909,1.5419
20190910,1.5292
20190911,1.5308
20190912,1.5450
20190916,1.5295
20190917,1.5339
20190918,1.5395
20190919,1.5402
20190920,1.5416
20190923,1.5389
20190924,1.5376
20190925,1.5207
20190926,1.5291
20190927,1.5278
20190930,1.5209
20191008,1.5166
20191009,1.4967
20191010,1.4968
20191011,1.4969
20191014,1.5060
20191015,1.5101
20191016,1.5205
20191017,1.5182
20191018,1.5169
20191021,1.5117
20191022,1.5229
20191023,1.5091
20191024,1.5182
20191025,1.5203
20191028,1.5333
20191029,1.5429
20191030,1.5377
20191031,1.5424
20191101,1.5437
20191104,1.5535
20191105,1.5590
20191106,1.5497
20191107,1.5499
20191108,1.5465
20191111,1.5541
20191112,1.5611
20191113,1.5603
20191114,1.5647
20191115,1.5709
20191118,1.5857
20191119,1.5989
20191120,1.5842
20191121,1.5733
20191122,1.5767
20191125,1.5852
20191126,1.6045
20191127,1.6042
20191128,1.6133
20191129,1.6128
20191202,1.6286
20191203,1.6063
20191204,1.5866
20191205,1.5913
20191206,1.5936
20191209,1.6078
20191210,1.6008
20191211,1.5988
20191212,1.6086
20191213,1.6174
20191216,1.6242
20191217,1.6366
20191218,1.6250
20191219,1.6193
20191220,1.6338
20191223,1.6439
20191224,1.6486
20191225,1.6416
20191226,1.6507
20191227,1.6618
20191230,1.6589
20191231,1.6496
20200102,1.6683
20200103,1.6807
20200106,1.6527
20200107,1.6674
20200108,1.6482
20200109,1.6764
20200110,1.7042
20200113,1.7006
20200114,1.7163
20200115,1.7164
20200116,1.7191
20200117,1.7328
20200120,1.7187
20200121,1.7112
20200122,1.7284
20200123,1.7366
20200203,1.6800
20200204,1.7147
20200205,1.7572
20200206,1.7998
20200207,1.8097
20200210,1.8162
20200211,1.8627
20200212,1.9027
20200213,1.9954
20200214,1.9081
20200217,1.9057
20200218,1.8587
20200219,1.8477
20200220,1.8584
20200221,1.8249
20200224,1.7659
20200225,1.7969
20200226,1.7570
20200227,1.7449
20200228,1.7009
20200302,1.7385
20200303,1.7447
20200304,1.7448
20200305,1.7460
20200306,1.7277
20200309,1.6696
20200310,1.6697
20200311,1.6699
20200312,1.6700
20200313,1.6701
20200316,1.6703
20200317,1.6704
20200318,1.6705
20200319,1.6707
20200320,1.6708
20200323,1.6709
20200324,1.6711
20200325,1.6712
20200326,1.6713
20200327,1.6715
20200330,1.6716
20200331,1.6717
20200401,1.6719
20200402,1.6720
20200403,1.6721
20200407,1.6723
20200408,1.6724
20200409,1.6725
20200410,1.6727
20200413,1.6728
20200414,1.6729
20200415,1.6731
20200416,1.6732
20200417,1.6733
20200420,1.6735
20200421,1.6736
20200422,1.6737
20200423,1.6835
20200424,1.6786
20200427,1.7079
20200428,1.7294
20200429,1.7448
20200430,1.7483
20200506,1.7412
20200507,1.7339
20200508,1.7397
20200511,1.7337
20200512,1.7051
20200513,1.6931
20200514,1.6791
20200515,1.6850
20200518,1.6943
20200519,1.7394
20200520,1.7228
20200521,1.7246
20200522,1.6895
20200525,1.7323
20200526,1.7649
20200527,1.7591
20200528,1.7661
20200529,1.7542
20200601,1.7594
20200602,1.7591
20200603,1.7774
20200604,1.7867
20200605,1.7933
20200608,1.8074
20200609,1.8214
20200610,1.8164
20200611,1.7906
20200612,1.7490
20200615,1.7098
20200616,1.7842
20200617,1.7973
20200618,1.7828
20200619,1.7891
20200622,1.7761
20200623,1.7913
20200624,1.7962
20200629,1.7512
20200630,1.7570
20200701,1.7736
20200702,1.7852
20200703,1.7892
20200706,1.8023
20200707,1.7969
20200708,1.7888
20200709,1.7943
20200710,1.7850
20200713,1.8255
20200714,1.8057
20200715,1.8220
20200716,1.8045
20200717,1.8206
20200720,1.8124
20200721,1.8589
20200722,1.8469
20200723,1.8588
20200724,1.8133
20200727,1.8177
20200728,1.8288
20200729,1.8238
20200730,1.8261
20200731,1.8446
20200803,1.8455
20200804,1.8662
20200805,1.8673
20200806,1.8722
20200807,1.8931
20200810,1.8968
20200811,1.8922
20200812,1.8821
20200813,1.9125
20200814,1.9113
20200817,1.9125
20200818,1.9105
20200819,1.9274
20200820,1.9150
20200821,1.9447
20200824,1.9951
20200825,2.0665
20200826,2.0356
20200827,2.0932
20200828,2.1216
20200831,2.1895
20200901,2.1602
20200902,2.2225
20200903,2.3088
20200904,2.1394
20200907,2.0101
20200908,2.0830
20200909,1.9901
20200910,2.0319
20200911,2.0041
20200914,2.0326
20200915,2.0674
20200916,2.0710
20200917,2.0081
20200918,2.0419
20200921,2.0215
20200922,2.0063
20200923,2.0194
20200924,1.9815
20200925,1.9737
20200928,1.9904
20200929,1.9959
20200930,1.9981
20201009,2.0178
20201012,2.0317
20201013,2.0581
20201014,2.0502
20201015,2.0085
20201016,2.0119
20201019,2.0249
20201020,2.0019
20201021,2.0020
20201022,1.9912
20201023,1.9813
20201026,1.9638
20201027,1.9639
20201028,1.9641
20201029,1.9642
20201030,1.9644
20201102,1.9645
20201103,1.9647
20201104,1.9649
20201105,1.9680
20201106,1.9331
20201109,1.9333
20201110,1.9016
20201111,1.9059
20201112,1.9076
20201113,1.9068
20201116,1.9197
20201117,1.9163
20201118,1.9068
20201119,1.9070
20201120,1.9027
20201123,1.9018
20201124,1.9156
20201125,1.9234
20201126,1.9235
20201127,1.9210
20201130,1.9158
20201201,1.9261
20201202,1.9236
20201203,1.9278
20201204,1.9253
20201207,1.9287
20201208,1.9270
20201209,1.9355
20201210,1.9296
20201211,1.9304
20201214,1.9330
20201215,1.9245
20201216,1.9322
20201217,1.9356
20201218,1.9390
20201221,1.9364
20201222,1.9271
20201223,1.9279
20201224,1.9305
20201225,1.9330
20201228,1.9382
20201229,1.9466
20201230,1.9407
20201231,1.9416
20210104,1.9365
20210105,1.9220
20210106,1.9238
20210107,1.9383
20210108,1.9527
20210111,1.9485
20210112,1.9502
20210113,1.9477
20210114,1.9544
20210115,1.9460
20210118,1.9426
20210119,1.9502
20210120,1.9486
20210121,1.9654
20210122,1.9593
20210125,1.9732
20210126,1.9593
20210127,1.9789
20210128,1.9141
20210129,1.9157
20210201,1.9099
20210202,1.9100
20210203,1.9326
20210204,1.9221
20210205,1.9516
20210208,1.9570
20210209,1.9628
20210210,1.9663
20210218,1.9625
20210219,1.9582
20210222,1.9462
20210223,1.9310
20210224,1.9073
20210225,1.9227
20210226,1.8589
20210301,1.8661
20210302,1.8796
20210303,1.8745
20210304,1.8256
20210305,1.8162
20210308,1.8163
20210309,1.8248
20210310,1.8241
20210311,1.8387
20210312,1.8394
20210315,1.8448
20210316,1.8508
20210317,1.8460
20210318,1.8541
20210319,1.8112
20210322,1.8114
20210323,1.8151
20210324,1.8091
20210325,1.8093
20210326,1.8191
20210329,1.8258
20210330,1.8318
20210331,1.8273
20210401,1.8370
20210402,1.8563
20210406,1.8827
20210407,1.8802
20210408,1.8932
20210409,1.8985
20210412,1.9107
20210413,1.9086
20210414,1.9255
20210415,1.9140
20210416,1.9297
20210419,1.9303
20210420,1.9084
20210421,1.8952
20210422,1.9087
20210423,1.8891
20210426,1.9084
20210427,1.9208
20210428,1.9163
20210429,1.9231
20210430,1.9159
20210506,1.8878
20210507,1.8909
20210510,1.9005
20210511,1.8585
20210512,1.8519
20210513,1.8344
20210514,1.8484
20210517,1.8558
20210518,1.8587
20210519,1.8256
20210520,1.8249
20210521,1.8366
20210524,1.8339
20210525,1.8524
20210526,1.8470
20210527,1.8353
20210528,1.8411
20210531,1.8369
20210601,1.8397
20210602,1.8346
20210603,1.8391
20210604,1.8304
20210607,1.8391
20210608,1.8422
20210609,1.8442
20210610,1.8383
20210611,1.8524
20210615,1.8724
20210616,1.8627
20210617,1.8553
20210618,1.8788
20210621,1.8574
20210622,1.8634
20210623,1.8863
20210624,1.8838
20210625,1.8897
20210628,1.8932
20210629,1.9018
20210630,1.9099
20210701,1.9109
20210702,1.9199
20210705,1.9359
20210706,1.9374
20210707,1.9428
20210708,1.9379
20210709,1.9377
20210712,1.9524
20210713,1.9526
20210714,1.9512
20210715,1.9539
20210716,1.9428
20210719,1.9289
20210720,1.9232
20210721,1.9365
20210722,1.9512
20210723,1.9603
20210726,1.9790
20210727,1.9814
20210728,1.9708
20210729,1.9716
20210730,1.9483
20210802,1.9709
20210803,1.9645
20210804,1.9734
20210805,1.9702
20210806,1.9832
20210809,1.9812
20210810,1.9837
20210811,1.9802
20210812,1.9780
20210813,1.9885
20210816,1.9869
20210817,1.9930
20210818,1.9863
20210819,1.9525
20210820,1.9675
20210823,1.9972
20210824,2.0178
20210825,2.0132
20210826,2.0120
20210827,2.0137
20210830,2.0252
20210831,2.0470
20210901,2.0421
20210902,2.0346
20210903,2.0360
20210906,2.0375
20210907,2.0385
20210908,2.0331
20210909,2.0235
20210910,2.0213
20210913,2.0081
20210914,2.0015
20210915,1.9937
20210916,2.0022
20210917,2.0133
20210922,1.9682
20210923,1.9683
20210924,1.9703
20210927,1.9826
20210928,1.9557
20210929,1.9558
20210930,1.9560
20211008,1.9562
20211011,1.9563
20211012,1.9565
20211013,1.9566
20211014,1.9568
20211015,1.9569
20211018,1.9571
20211019,1.9572
20211020,1.9621
20211021,1.9611
20211022,1.9693
20211025,1.9644
20211026,1.9708
20211027,1.9682
20211028,1.9685
20211029,1.9709
20211101,2.0004
20211102,2.0001
20211103,2.0121
20211104,2.0306
20211105,2.0473
20211108,2.0449
20211109,2.0461
20211110,2.0313
20211111,2.0205
20211112,2.0198
20211115,2.0387
20211116,2.0301
20211117,2.0450
20211118,2.0443
20211119,2.0650
20211122,2.0664
20211123,2.0400
20211124,2.0455
20211125,2.0575
20211126,2.0311
20211129,2.0266
20211130,2.0256
20211201,2.0221
20211202,1.9856
20211203,1.9847
20211206,1.9714
20211207,1.9715
20211208,2.0110
20211209,2.0072
20211210,1.9935
20211213,2.0171
20211214,1.9890
20211215,1.9756
20211216,2.0207
20211217,1.9744
20211220,1.9440
20211221,1.9441
20211222,1.9518
20211223,1.9754
20211224,1.9866
20211227,1.9934
20211228,2.0179
20211229,2.0191
20211230,2.0135
20211231,2.0097
20220104,2.0235
20220105,1.9987
20220106,1.9478
20220107,1.9540
20220110,1.9471
20220111,1.9430
20220112,1.9431
20220114,1.9315
20220117,1.9316
20220118,1.9318
20220119,1.9320
20220120,1.9321
20220121,1.9323
20220124,1.9324
20220125,1.9326
20220126,1.9327
20220127,1.9329
20220128,1.9330
20220207,1.9332
20220208,1.9333
20220209,1.9335
20220210,1.9336
20220211,1.9338
20220214,1.9339
20220215,1.9341
20220216,1.9343
20220217,1.9344
20220218,1.9346
20220221,1.9347
20220222,1.9349
20220223,1.9350
20220224,1.9352
20220225,1.9353
20220228,1.9355
20220301,1.9356
20220302,1.9358
20220303,1.9359
20220304,1.9361
20220307,1.9362
20220308,1.9364
20220309,1.9366
20220310,1.9367
20220311,1.9369
20220314,1.9370
20220315,1.9372
20220316,1.9373
20220317,1.9375
20220318,1.9376
20220321,1.9378
20220322,1.9379
20220323,1.9381
20220324,1.9260
20220325,1.9410
20220328,1.9381
20220330,1.9861
20220331,1.9769
20220401,1.9555
20220406,1.9494
20220407,1.9158
20220408,1.9310
20220411,1.8982
20220412,1.8800
20220413,1.8802
20220414,1.8865
20220415,1.8774
20220418,1.8703
20220419,1.8705
20220420,1.8852
20220421,1.8970
20220422,1.8672
20220425,1.8369
20220426,1.8370
20220427,1.8150
20220428,1.8151
20220429,1.8153
20220505,1.8160
20220506,1.7943
20220509,1.7944
20220510,1.7946
20220511,1.7947
20220512,1.7949
20220513,1.7950
20220516,1.7951
20220517,1.7953
20220518,1.7954
20220519,1.7956
20220520,1.7957
20220523,1.7959
20220524,1.7960
20220525,1.7961
20220526,1.7963
20220527,1.7964
20220530,1.7966
20220531,1.7967
20220601,1.7968
20220602,1.7970
20220606,1.7971
20220607,1.7973
20220608,1.7974
20220609,1.7976
20220610,1.7977
20220613,1.7978
20220614,1.7980
20220615,1.7981
20220616,1.7983
20220617,1.7984
20220620,1.7986
20220621,1.7987
20220622,1.7988
20220623,1.7990
20220624,1.7991
20220627,1.7993
20220628,1.7994
20220629,1.7996
20220630,1.7997
20220701,1.7998
20220704,1.8000
20220705,1.8001
20220706,1.8003
20220707,1.8004
20220708,1.8006
20220711,1.8007
20220712,1.8008
20220713,1.8010
20220714,1.8011
20220715,1.8013
20220718,1.8014
20220719,1.8016
20220720,1.8017
20220721,1.8091
20220722,1.8219
20220725,1.8003
20220726,1.7943
20220727,1.7972
20220728,1.8230
20220729,1.8676
20220801,1.8698
20220802,1.8670
20220803,1.8671
20220804,1.9027
20220805,1.9105
20220808,1.9103
20220809,1.8979
20220810,1.8785
20220811,1.9319
20220812,1.9225
20220815,1.9540
20220816,1.9741
20220817,1.9717
20220818,1.9516
20220819,1.9552
20220822,1.9283
20220823,1.8975
20220824,1.9007
20220825,1.9248
20220826,1.9350
20220829,1.8656
20220830,1.8727
20220831,1.8550
20220901,1.8164
20220902,1.8256
20220905,1.8154
20220906,1.8155
20220907,1.7990
20220908,1.8152
20220909,1.8238
20220913,1.8729
20220914,1.7908
20220915,1.7915
20220916,1.7769
20220919,1.7771
20220920,1.7772
20220921,1.7774
20220922,1.7775
20220923,1.7776
20220926,1.7778
20220927,1.7779
20220928,1.7781
20220929,1.7782
20220930,1.7783
20221010,1.7785
20221011,1.7786
20221012,1.7788
20221013,1.7789
20221014,1.7790
20221017,1.7792
20221018,1.7793
20221019,1.7795
20221020,1.7796
20221021,1.7798
20221024,1.7799
20221025,1.7800
20221026,1.7802
20221027,1.7803
20221028,1.7645
20221031,1.7647
20221101,1.7680
20221102,1.7600
20221103,1.7433
20221104,1.7434
20221107,1.7435
20221108,1.7437
20221109,1.7470
20221110,1.7343
20221111,1.7344
20221114,1.7186
20221115,1.7199
20221116,1.7324
20221117,1.7268
20221118,1.7179
20221121,1.7214
20221122,1.7124
20221123,1.7341
20221124,1.7507
20221125,1.7565
20221128,1.7415
20221129,1.7299
20221130,1.7139
20221201,1.7571
20221202,1.7488
20221205,1.7261
20221206,1.7025
20221207,1.6818
20221208,1.6798
20221209,1.6863
20221212,1.6792
20221213,1.6922
20221214,1.7094
20221215,1.6885
20221216,1.6507
20221219,1.6508
20221220,1.6509
20221221,1.6511
20221222,1.6512
20221223,1.6513
20221226,1.6514
20221227,1.6516
20221228,1.6517
20221229,1.6518
20221230,1.6520
20230103,1.6521
20230104,1.6522
20230105,1.6524
20230106,1.6525
20230109,1.6526
20230110,1.6528
20230111,1.6529
20230112,1.6530
20230113,1.6531
20230116,1.6533
20230117,1.6534
20230118,1.6535
20230119,1.6537
20230120,1.6538
20230130,1.6539
20230131,1.6422
20230201,1.6570
20230202,1.6717
20230203,1.6865
20230206,1.6784
20230207,1.6807
20230208,1.7052
20230209,1.6932
20230210,1.6691
20230213,1.6726
20230214,1.6952
20230215,1.6953
20230216,1.7214
20230217,1.6831
20230220,1.6866
20230221,1.6821
20230222,1.6570
20230223,1.6651
20230224,1.6725
20230227,1.6609
20230228,1.6638
20230301,1.6545
20230302,1.6345
20230303,1.6432
20230306,1.6798
20230307,1.6833
20230308,1.6654
20230309,1.6712
20230310,1.6315
20230313,1.6372
20230314,1.6248
20230315,1.6422
20230316,1.6460
20230317,1.6660
20230320,1.6556
20230321,1.6642
20230322,1.6764
20230323,1.6525
20230324,1.6591
20230327,1.6665
20230328,1.6603
20230329,1.6635
20230330,1.6786
20230331,1.6852
20230403,1.7079
20230404,1.7149
20230406,1.6917
20230407,1.7024
20230410,1.6980
20230411,1.7072
20230412,1.6994
20230413,1.6905
20230414,1.7025
20230417,1.7107
20230418,1.7120
20230419,1.7101
20230420,1.7095
20230421,1.7032
20230424,1.7000
20230425,1.7032
20230426,1.6956
20230427,1.6921
20230428,1.7217
20230504,1.7094
20230505,1.7043
20230508,1.7289
20230509,1.7295
20230510,1.7297
20230511,1.7453
20230512,1.7497
20230515,1.7478
20230516,1.7500
20230517,1.7574
20230518,1.7829
20230519,1.8168
20230522,1.8074
20230523,1.8187
20230524,1.7964
20230525,1.8105
20230526,1.8126
20230529,1.8637
20230530,1.8704
20230531,1.8595
20230601,1.8600
20230602,1.8770
20230605,1.8988
20230606,1.8964
20230607,1.9037
20230608,1.8792
20230609,1.8999
20230612,1.9187
20230613,1.9542
20230614,1.9584
20230615,1.9603
20230616,1.9763
20230619,1.9727
20230620,1.9738
20230621,1.9783
20230626,1.9669
20230627,1.9481
20230628,1.9707
20230629,1.9834
20230630,1.9890
20230703,2.0178
20230704,2.0084
20230705,2.0060
20230706,2.0049
20230707,1.9937
20230710,1.9772
20230711,1.9872
20230712,1.9928
20230713,2.0139
20230714,2.0191
20230717,2.0298
20230718,2.0434
20230719,2.0783
20230720,2.0566
20230721,2.0362
20230724,2.0432
20230725,2.0376
20230726,2.0423
20230727,2.0539
20230728,2.0403
20230731,2.0572
20230801,2.0674
20230802,2.0451
20230803,2.0187
20230804,2.0297
20230807,2.0154
20230808,2.0245
20230809,2.0236
20230810,2.0092
20230811,2.0108
20230814,2.0064
20230815,2.0361
20230816,2.0140
20230817,2.0008
20230818,1.9699
20230821,1.9738
20230822,1.9777
20230823,1.9784
20230824,2.0197
20230825,1.9610
20230828,1.9611
20230829,1.9669
20230830,2.0017
20230831,2.0113
20230901,2.0046
20230904,2.0092
20230905,2.0090
20230906,2.0107
20230907,1.9944
20230908,2.0064
20230911,1.9950
20230912,2.0044
20230913,1.9859
20230914,1.9974
20230915,2.0099
20230918,1.9830
20230919,1.9815
20230920,1.9811
20230921,1.9522
20230922,1.9523
20230925,1.9525
20230926,1.9526
20230927,1.9528
20230928,1.9529
20231009,1.9531
20231010,1.9533
20231011,1.9534
20231012,1.9536
20231013,1.9484
20231016,1.9388
20231017,1.9390
20231018,1.9391
20231019,1.9393
20231020,1.9394
20231023,1.9396
20231024,1.9397
20231025,1.9399
20231026,1.9401
20231027,1.9402
20231030,1.9404
20231031,1.9405
20231101,1.9407
20231102,1.9408
20231103,1.9410
20231106,1.9411
20231107,1.9403
20231108,1.9490
20231109,1.9551
20231110,1.9378
20231113,1.9586
20231114,1.9653
20231115,1.9960
20231116,1.9930
20231117,1.9941
20231120,1.9700
20231121,1.9851
20231122,1.9769
20231123,1.9853
20231124,1.9875
20231127,1.9817
20231128,1.9849
20231129,1.9830
20231130,1.9815
20231201,1.9823
20231204,1.9892
20231205,1.9696
20231206,1.9912
20231207,1.9716
20231208,1.9940
20231211,2.0091
20231212,2.0263
20231213,2.0433
20231214,2.0655
20231215,2.0515
20231218,2.0638
20231219,2.0749
20231220,2.0861
20231221,2.0588
20231222,2.0698
20231225,2.0726
20231226,2.0827
20231227,2.0881
20231228,2.0836
20231229,2.0797
20240102,2.0798
20240103,2.0558
20240104,2.0467
20240105,2.0344
20240108,2.0383
20240109,2.0816
20240110,2.0810
20240111,2.1014
20240112,2.0934
20240115,2.1055
20240116,2.0900
20240117,2.0846
20240118,2.0879
20240119,2.1197
20240122,2.1690
20240123,2.1640
20240124,2.1818
20240125,2.1706
20240126,2.1542
20240129,2.1682
20240130,2.1983
20240131,2.1699
20240201,2.1505
20240202,2.1953
20240205,2.2050
20240206,2.2067
20240207,2.2003
20240208,2.2537
20240219,2.2425
20240220,2.2369
20240221,2.2132
20240222,2.2477
20240223,2.2785
20240226,2.2602
20240227,2.2623
20240228,2.2790
20240229,2.2642
20240301,2.2882
20240304,2.3122
20240305,2.3003
20240306,2.2908
20240307,2.2798
20240308,2.3143
20240311,2.2931
20240312,2.2937
20240313,2.2974
20240314,2.2929
20240315,2.2801
20240318,2.2840
20240319,2.2734
20240320,2.2880
20240321,2.3311
20240322,2.3390
20240325,2.3278
20240326,2.3384
20240327,2.3469
20240328,2.3596
20240329,2.3502
20240401,2.3519
20240402,2.3440
20240403,2.3072
20240408,2.3095
20240409,2.3151
20240410,2.3175
20240411,2.2930
20240412,2.3193
20240415,2.2967
20240416,2.2386
20240417,2.2388
20240418,2.2389
20240419,2.2391
20240422,2.2393
20240423,2.2395
20240424,2.2396
20240425,2.2225
20240426,2.2227
20240429,2.2229
20240430,2.2231
20240506,2.2232
20240507,2.2234
20240508,2.2295
20240509,2.2238
20240510,2.2422
20240513,2.2515
20240514,2.2516
20240515,2.2711
20240516,2.3056
20240517,2.2993
20240520,2.2948
20240521,2.3013
20240522,2.3112
20240523,2.3245
20240524,2.2856
20240527,2.3091
20240528,2.3167
20240529,2.3060
20240530,2.2789
20240531,2.2745
20240603,2.2972
20240604,2.2957
20240605,2.3106
20240606,2.3497
20240607,2.3562
20240611,2.3614
20240612,2.3743
20240613,2.4086
20240614,2.4039
20240617,2.4027
20240618,2.4242
20240619,2.4271
20240620,2.4463
20240621,2.4235
20240624,2.4160
20240625,2.4016
20240626,2.4406
20240627,2.4492
20240628,2.4805
20240701,2.4763
20240702,2.4797
20240703,2.5200
20240704,2.5137
20240705,2.5397
20240708,2.5626
20240709,2.5739
20240710,2.5504
20240711,2.5684
20240712,2.4971
20240715,2.5681
20240716,2.5683
20240717,2.5724
20240718,2.5333
20240719,2.4830
20240722,2.4618
20240723,2.4906
20240724,2.4567
20240725,2.3863
20240726,2.3963
20240729,2.4243
20240730,2.4038
20240731,2.3952
20240801,2.4385
20240802,2.3456
20240805,2.3457
20240806,2.3459
20240807,2.3461
20240808,2.3463
20240809,2.3465
20240812,2.3467
20240813,2.3469
20240814,2.3470
20240815,2.3629
20240816,2.3793
20240819,2.3375
20240820,2.3731
20240821,2.3745
20240822,2.3785
20240823,2.3630
20240826,2.3738
20240827,2.3592
20240828,2.3705
20240829,2.3569
20240830,2.3593
20240902,2.3718
20240903,2.3712
20240904,2.3243
20240905,2.3245
20240906,2.3247
20240909,2.3249
20240910,2.3250
20240911,2.3252
20240912,2.3254
20240913,2.3256
20240918,2.3258
20240919,2.3260
20240920,2.3289
20240923,2.3361
20240924,2.3214
20240925,2.3037
20240926,2.3038
20240927,2.2791
20240930,2.2793
20241008,2.2795
20241009,2.2797
20241010,2.2799
20241011,2.2878
20241014,2.3008
20241015,2.3589
20241016,2.3320
20241017,2.3513
20241018,2.3338
20241021,2.3302
20241022,2.3217
20241023,2.3224
20241024,2.3050
20241025,2.3098
20241028,2.3363
20241029,2.3298
20241030,2.3497
20241031,2.3159
20241101,2.2879
20241104,2.2841
20241105,2.2789
20241106,2.3589
20241107,2.3864
20241108,2.4071
20241111,2.4294
20241112,2.4450
20241113,2.4274
20241114,2.4446
20241115,2.4098
20241118,2.4091
20241119,2.4154
20241120,2.4325
20241121,2.4209
20241122,2.4417
20241125,2.4819
20241126,2.4842
20241127,2.4868
20241128,2.4784
20241129,2.4815
20241202,2.4977
20241203,2.5306
20241204,2.5362
20241205,2.5567
20241206,2.5498
20241209,2.5701
20241210,2.5482
20241211,2.5566
20241212,2.5787
20241213,2.5952
20241216,2.6285
20241217,2.6281
20241218,2.6222
20241219,2.5454
20241220,2.5120
20241223,2.5845
20241224,2.5767
20241225,2.5980
20241226,2.6052
20241227,2.5906
20241230,2.5573
20241231,2.5477
20250102,2.5710
20250103,2.5555
20250106,2.6078
20250107,2.5894
20250108,2.5744
20250109,2.5673
20250110,2.5550
20250113,2.5052
20250114,2.5336
20250115,2.5234
20250116,2.5722
20250117,2.5656
20250120,2.5840
20250121,2.5842
20250122,2.6026
20250123,2.5840
20250124,2.5901
20250127,2.5567
20250205,2.5520
20250206,2.5674
20250207,2.5607
20250210,2.5444
20250211,2.5428
20250212,2.5398
20250213,2.5469
20250214,2.5555
20250217,2.5563
20250218,2.5665
20250219,2.5610
20250220,2.5501
20250221,2.5414
20250224,2.5416
20250225,2.5418
20250226,2.5420
20250227,2.5422
20250228,2.5424
20250303,2.5426
20250304,2.5428
20250305,2.5430
20250306,2.5433
20250307,2.5435
20250310,2.5437
20250311,2.5439
20250312,2.5441
20250313,2.5443
20250314,2.5445
20250317,2.5447
20250318,2.5449
20250319,2.5451
20250320,2.5453
20250321,2.5455
20250324,2.5457
20250325,2.5459
20250326,2.5461
20250327,2.5463
20250328,2.5465
20250331,2.5467
20250401,2.5469
20250402,2.5471
20250403,2.5473
20250407,2.5475
20250408,2.5477
20250409,2.5479
20250410,2.5481
20250411,2.5483
20250414,2.5485
20250415,2.5487
20250416,2.5489
20250417,2.5491
20250418,2.5493
20250421,2.5495
20250422,2.5497
20250423,2.5499
20250424,2.5501
20250425,2.5503
20250428,2.5505
20250429,2.5507
20250430,2.5509
20250506,2.5511
20250507,2.5513
20250508,2.5515
20250509,2.5524
20250512,2.5782
20250513,2.5833
20250514,2.6441
20250515,2.6290
20250516,2.6393
20250519,2.6235
20250520,2.6503
20250521,2.6278
20250522,2.6056
20250523,2.5994
20250526,2.6103
20250527,2.6201
20250528,2.6452
20250529,2.6761
20250530,2.6298
20250603,2.6388
20250604,2.6623
20250605,2.6563
20250606,2.6523
20250609,2.6628
20250610,2.6635
20250611,2.6751
20250612,2.6661
20250613,2.6406
20250616,2.6614
20250617,2.6665
20250618,2.6603
20250619,2.6461
20250620,2.6500
20250623,2.6461
20250624,2.7002
20250625,2.7028
20250626,2.7135
20250627,2.7402
20250630,2.7559
20250701,2.7460
20250702,2.7560
20250703,2.7612
20250704,2.7768
20250707,2.7734
20250708,2.7742
20250709,2.7639
20250710,2.7768
20250711,2.7737
20250714,2.7541
20250715,2.7910
20250716,2.7720
20250717,2.7927
20250718,2.8107
20250721,2.8087
20250722,2.8069
20250723,2.8097
20250724,2.8181
20250725,2.8278
20250728,2.8568
20250729,2.8553
20250730,2.8502
20250731,2.8849
20250801,2.8373
20250804,2.8021
20250805,2.8539
20250806,2.8378
20250807,2.8497
20250808,2.8556
20250811,2.8818
20250812,2.8743
20250813,2.9006
20250814,2.8966
20250815,2.9100
20250818,2.8907
20250819,2.8808
20250820,2.8569
20250821,2.8607
20250822,2.8403
20250825,2.8786
20250826,2.8659
20250827,2.8876
20250828,2.8704
20250829,2.8707
20250901,2.8480
20250902,2.8519
20250903,2.8453
20250904,2.8583
20250905,2.8842
20250908,2.8741
20250909,2.8803
20250910,2.8946
20250911,2.8941
20250912,2.9070
20250915,2.9226
20250916,2.9361
20250917,2.9250
20250918,2.9449
20250919,2.9580
20250922,2.9861
20250923,3.0230
20250924,3.0051
20250925,2.9935
20250926,2.9910
20250929,3.0184
20250930,3.0313
20251009,3.0883
20251010,3.1004
20251013,3.0513
20251014,3.0148
20251015,3.0446
20251016,3.0528
20251017,3.0124
20251020,3.0943
20251021,3.1093
20251022,3.1323
20251023,3.1350
20251024,3.1561
20251027,3.2377
20251028,3.2459
20251029,3.3097
20251030,3.3006
20251031,3.2854
20251103,3.2972
20251104,3.2246
20251105,3.1833
20251106,3.2148
20251107,3.1908
20251110,3.2399
20251111,3.2506
20251112,3.2851
20251113,3.3026
20251114,3.2326
20251117,3.2248
20251118,3.1338
20251119,3.1008
20251120,3.1963
20251121,3.1084
20251124,3.1382
20251125,3.1821
20251126,3.2357
20251127,3.2248
20251128,3.2597
20251201,3.2519
20251202,3.2552
20251203,3.2822
20251204,3.2769
20251205,3.2685
20251208,3.2547
20251209,3.2187
20251210,3.2474
20251211,3.2183
20251212,3.2348
20251215,3.2148
20251216,3.1726
20251217,3.1824
20251218,3.1589
20251219,3.1752
20251222,3.2025
20251223,3.1884
20251224,3.1919
20251225,3.1914
20251226,3.1925
20251229,3.1727
20251230,3.1658
20251231,3.1530
20260105,3.1764
20260106,3.1716
20260107,3.1654
20260108,3.1444
20260109,3.1457
20260112,3.1444
20260113,3.1457
20260114,3.1405
20260115,3.1361
20260116,3.1425
20260119,3.1335
20260120,3.1277
20260121,3.1280
20260122,3.1282
20260123,3.1123
20260126,3.1126
20260127,3.1128
20260128,3.1131
20260129,3.1133
20260130,3.1136
20260202,3.0657
20260203,3.0659
20260204,3.0662
20260205,3.0664
20260206,3.0667
20260209,3.0669
20260210,3.0672
20260211,3.0674
20260212,3.0676
20260213,3.0679
20260224,3.0681
20260225,3.0684
20260226,3.0686
20260227,3.0689
20260302,3.0691
20260303,3.0693
20260304,3.0696
20260305,3.0698
20260306,3.0701
20260309,3.0703
20260310,3.0706
20260311,3.0708
20260312,3.0711
20260313,3.0713
20260316,3.0715
20260317,3.0718
20260318,3.0720
20260319,3.0723
20260320,3.0725
20260323,3.0728
20260324,3.0730
20260325,3.0732
20260326,3.0735
20260327,3.0737
20260330,3.0740
20260331,3.0742
20260401,3.0745
